datetime,open,high,low,close,volume
2026-03-10T18:45:00+00:00,261.16999999999996,261.67999999999995,261.03,261.21,7086
2026-03-10T19:00:00+00:00,261.21,261.46,260.83,261.29999999999995,5057
2026-03-10T19:15:00+00:00,261.29999999999995,261.5,260.32,260.39,5454
2026-03-10T19:30:00+00:00,260.39,261.04999999999995,260.21999999999997,260.85999999999996,6754
2026-03-10T19:45:00+00:00,260.85999999999996,261.09999999999997,260.39,260.67999999999995,5364
2026-03-11T13:30:00+00:00,260.67999999999995,261.5999999999999,259.73999999999995,260.9599999999999,2803
2026-03-11T13:45:00+00:00,260.9599999999999,261.3299999999999,260.16999999999996,260.88999999999993,5217
2026-03-11T14:00:00+00:00,260.88999999999993,261.74999999999994,260.3399999999999,260.4599999999999,7475
2026-03-11T14:15:00+00:00,260.4599999999999,260.63999999999993,259.16999999999996,259.61999999999995,4821
2026-03-11T14:30:00+00:00,259.61999999999995,260.1499999999999,259.47999999999996,260.0199999999999,4586
2026-03-11T14:45:00+00:00,260.0199999999999,260.4599999999999,259.88999999999993,260.35999999999996,4043
2026-03-11T15:00:00+00:00,260.35999999999996,260.5899999999999,259.5399999999999,259.97999999999996,4301
2026-03-11T15:15:00+00:00,259.97999999999996,260.56999999999994,259.7099999999999,259.7199999999999,4418
2026-03-11T15:30:00+00:00,259.7199999999999,260.19999999999993,259.47999999999996,259.87999999999994,4012
2026-03-11T15:45:00+00:00,259.87999999999994,260.48999999999995,259.68999999999994,260.22999999999996,3696
2026-03-11T16:00:00+00:00,260.22999999999996,260.3399999999999,259.75999999999993,259.99999999999994,3258
2026-03-11T16:15:00+00:00,259.99999999999994,260.35999999999996,259.79999999999995,260.22999999999996,3336
2026-03-11T16:30:00+00:00,260.22999999999996,260.81999999999994,260.22999999999996,260.30999999999995,3060
2026-03-11T16:45:00+00:00,260.30999999999995,260.4099999999999,260.13999999999993,260.3299999999999,2300
2026-03-11T17:00:00+00:00,260.3299999999999,260.43999999999994,260.13999999999993,260.2099999999999,2486
2026-03-11T17:15:00+00:00,260.2099999999999,260.73999999999995,260.17999999999995,260.66999999999996,2379
2026-03-11T17:30:00+00:00,260.66999999999996,260.7699999999999,259.24999999999994,259.79999999999995,4196
2026-03-11T17:45:00+00:00,259.79999999999995,260.35999999999996,259.6499999999999,260.1499999999999,4276
2026-03-11T18:00:00+00:00,260.1499999999999,260.23999999999995,259.42999999999995,259.5999999999999,3028
2026-03-11T18:15:00+00:00,259.5999999999999,259.92999999999995,259.38999999999993,259.68999999999994,2672
2026-03-11T18:30:00+00:00,259.68999999999994,259.9599999999999,259.48999999999995,259.56999999999994,2151
2026-03-11T18:45:00+00:00,259.56999999999994,260.0299999999999,259.56999999999994,259.79999999999995,1923
2026-03-11T19:00:00+00:00,259.79999999999995,259.93999999999994,259.44999999999993,259.62999999999994,1454
2026-03-11T19:15:00+00:00,259.62999999999994,259.91999999999996,259.49999999999994,259.7799999999999,1296
2026-03-11T19:30:00+00:00,259.7799999999999,260.11999999999995,259.6499999999999,259.8499999999999,1477
2026-03-11T19:45:00+00:00,259.8499999999999,260.67999999999995,259.7099999999999,260.50999999999993,2433
2026-03-12T13:30:00+00:00,260.50999999999993,260.50999999999993,256.3999999999999,256.5299999999999,3530
2026-03-12T13:45:00+00:00,256.5299999999999,256.60999999999996,254.96999999999994,255.07999999999993,4307
2026-03-12T14:00:00+00:00,255.07999999999993,255.98999999999995,255.05999999999995,255.62999999999994,4820
2026-03-12T14:15:00+00:00,255.62999999999994,255.70999999999992,254.30999999999995,254.30999999999995,3502
2026-03-12T14:30:00+00:00,254.30999999999995,255.06999999999994,253.96999999999994,254.95999999999992,4341
2026-03-12T14:45:00+00:00,254.95999999999992,255.38999999999993,254.44999999999993,254.52999999999994,5692
2026-03-12T15:00:00+00:00,254.52999999999994,254.93999999999994,254.09999999999994,254.93999999999994,4044
2026-03-12T15:15:00+00:00,254.93999999999994,255.28999999999994,254.37999999999994,254.96999999999994,3375
2026-03-12T15:30:00+00:00,254.96999999999994,255.26999999999992,253.81999999999994,255.21999999999994,5141
2026-03-12T15:45:00+00:00,255.21999999999994,255.26999999999992,254.49999999999994,254.70999999999992,4681
2026-03-12T16:00:00+00:00,254.70999999999992,255.33999999999995,254.58999999999995,255.26999999999992,4164
2026-03-12T16:15:00+00:00,255.26999999999992,255.85999999999996,255.00999999999993,255.20999999999992,4280
2026-03-12T16:30:00+00:00,255.20999999999992,255.57999999999993,255.01999999999992,255.34999999999994,3698
2026-03-12T16:45:00+00:00,255.34999999999994,255.34999999999994,254.44999999999993,254.86999999999995,3329
2026-03-12T17:00:00+00:00,254.86999999999995,255.31999999999994,254.67999999999992,254.67999999999992,3174
2026-03-12T17:15:00+00:00,254.67999999999992,255.07999999999993,254.39999999999992,254.69999999999993,2531
2026-03-12T17:30:00+00:00,254.69999999999993,255.04999999999993,254.53999999999994,254.59999999999994,2299
2026-03-12T17:45:00+00:00,254.59999999999994,254.99999999999994,254.43999999999994,254.96999999999994,2526
2026-03-12T18:00:00+00:00,254.96999999999994,255.21999999999994,254.75999999999993,255.07999999999993,2449
2026-03-12T18:15:00+00:00,255.07999999999993,255.30999999999995,254.84999999999994,254.99999999999994,2457
2026-03-12T18:30:00+00:00,254.99999999999994,255.11999999999995,254.52999999999994,254.74999999999994,1930
2026-03-12T18:45:00+00:00,254.74999999999994,255.00999999999993,254.53999999999994,254.80999999999995,1655
2026-03-12T19:00:00+00:00,254.80999999999995,255.32999999999993,254.69999999999993,255.31999999999994,2539
2026-03-12T19:15:00+00:00,255.31999999999994,255.87999999999994,255.26999999999992,255.67999999999992,2034
2026-03-12T19:30:00+00:00,255.67999999999992,255.83999999999992,254.86999999999995,254.96999999999994,2466
2026-03-12T19:45:00+00:00,254.96999999999994,255.50999999999993,254.59999999999994,255.37999999999994,3086
2026-03-13T13:30:00+00:00,255.37999999999994,255.80999999999995,254.43999999999994,255.32999999999993,2681
2026-03-13T13:45:00+00:00,255.32999999999993,255.94999999999993,255.13999999999993,255.37999999999994,3052
2026-03-13T14:00:00+00:00,255.37999999999994,255.55999999999995,254.60999999999993,254.83999999999995,5298
2026-03-13T14:15:00+00:00,254.83999999999995,255.18999999999994,254.26999999999992,254.99999999999994,4967
2026-03-13T14:30:00+00:00,254.99999999999994,255.45999999999992,253.63999999999993,253.97999999999993,4483
2026-03-13T14:45:00+00:00,253.97999999999993,254.20999999999992,253.32999999999993,253.46999999999994,5007
2026-03-13T15:00:00+00:00,253.46999999999994,254.01999999999992,253.14999999999992,253.89999999999992,4096
2026-03-13T15:15:00+00:00,253.89999999999992,253.91999999999993,252.89999999999992,252.92999999999992,3282
2026-03-13T15:30:00+00:00,252.92999999999992,253.15999999999994,251.89999999999992,251.93999999999994,3685
2026-03-13T15:45:00+00:00,251.93999999999994,252.49999999999994,251.48999999999992,251.70999999999992,4409
2026-03-13T16:00:00+00:00,251.70999999999992,252.58999999999995,251.69999999999993,252.03999999999994,3668
2026-03-13T16:15:00+00:00,252.03999999999994,252.38999999999993,251.86999999999995,252.24999999999994,2944
2026-03-13T16:30:00+00:00,252.24999999999994,252.60999999999993,251.28999999999994,251.31999999999994,3233
2026-03-13T16:45:00+00:00,251.31999999999994,251.88999999999993,250.98999999999992,251.02999999999994,3048
2026-03-13T17:00:00+00:00,251.02999999999994,251.41999999999993,250.59999999999994,251.22999999999993,2944
2026-03-13T17:15:00+00:00,251.22999999999993,251.56999999999994,250.60999999999993,250.81999999999994,2937
2026-03-13T17:30:00+00:00,250.81999999999994,251.19999999999993,250.52999999999994,251.12999999999994,2907
2026-03-13T17:45:00+00:00,251.12999999999994,251.28999999999994,250.67999999999992,250.88999999999993,3038
2026-03-13T18:00:00+00:00,250.88999999999993,251.08999999999995,250.47999999999993,250.51999999999992,2293
2026-03-13T18:15:00+00:00,250.51999999999992,250.91999999999993,250.40999999999994,250.87999999999994,2123
2026-03-13T18:30:00+00:00,250.87999999999994,251.47999999999993,250.83999999999995,251.41999999999993,1948
2026-03-13T18:45:00+00:00,251.41999999999993,251.42999999999992,250.69999999999993,250.70999999999992,1927
2026-03-13T19:00:00+00:00,250.70999999999992,250.79999999999993,250.16999999999993,250.54999999999993,1707
2026-03-13T19:15:00+00:00,250.54999999999993,250.66999999999993,249.83999999999995,249.87999999999994,1642
2026-03-13T19:30:00+00:00,249.87999999999994,250.12999999999994,249.49999999999994,249.67999999999992,1354
2026-03-13T19:45:00+00:00,249.67999999999992,250.21999999999994,249.40999999999994,249.70999999999992,2962
2026-03-16T13:30:00+00:00,249.70999999999992,251.95999999999992,249.51999999999992,251.21999999999994,3596
2026-03-16T13:45:00+00:00,251.21999999999994,252.85999999999993,251.13999999999993,252.69999999999993,4244
2026-03-16T14:00:00+00:00,252.69999999999993,252.75999999999993,252.09999999999994,252.32999999999993,3778
2026-03-16T14:15:00+00:00,252.32999999999993,253.19999999999993,252.23999999999992,252.83999999999995,2660
2026-03-16T14:30:00+00:00,252.83999999999995,253.42999999999992,252.61999999999995,252.76999999999992,4147
2026-03-16T14:45:00+00:00,252.76999999999992,253.39999999999992,252.71999999999994,253.22999999999993,4385
2026-03-16T15:00:00+00:00,253.22999999999993,253.50999999999993,252.95999999999992,253.33999999999995,3020
2026-03-16T15:15:00+00:00,253.33999999999995,253.37999999999994,252.53999999999994,252.64999999999992,2656
2026-03-16T15:30:00+00:00,252.64999999999992,253.11999999999995,252.60999999999993,252.81999999999994,2391
2026-03-16T15:45:00+00:00,252.81999999999994,253.17999999999992,252.54999999999993,252.56999999999994,2822
2026-03-16T16:00:00+00:00,252.56999999999994,252.93999999999994,252.42999999999992,252.63999999999993,2875
2026-03-16T16:15:00+00:00,252.63999999999993,252.84999999999994,251.83999999999995,251.97999999999993,3083
2026-03-16T16:30:00+00:00,251.97999999999993,252.51999999999992,251.81999999999994,252.33999999999995,2484
2026-03-16T16:45:00+00:00,252.33999999999995,252.47999999999993,252.10999999999993,252.19999999999993,2272
2026-03-16T17:00:00+00:00,252.19999999999993,252.97999999999993,252.13999999999993,252.79999999999993,2478
2026-03-16T17:15:00+00:00,252.79999999999993,252.83999999999995,252.44999999999993,252.53999999999994,2110
2026-03-16T17:30:00+00:00,252.53999999999994,252.67999999999992,251.99999999999994,252.00999999999993,1724
2026-03-16T17:45:00+00:00,252.00999999999993,252.35999999999993,251.77999999999994,251.82999999999993,1649
2026-03-16T18:00:00+00:00,251.82999999999993,252.15999999999994,251.76999999999992,251.82999999999993,1709
2026-03-16T18:15:00+00:00,251.82999999999993,252.55999999999995,251.75999999999993,252.52999999999994,1753
2026-03-16T18:30:00+00:00,252.52999999999994,252.77999999999994,252.44999999999993,252.58999999999995,1630
2026-03-16T18:45:00+00:00,252.58999999999995,252.63999999999993,252.21999999999994,252.35999999999993,1337
2026-03-16T19:00:00+00:00,252.35999999999993,253.04999999999993,252.15999999999994,252.28999999999994,3005
2026-03-16T19:15:00+00:00,252.28999999999994,252.57999999999993,251.89999999999992,252.45999999999992,3154
2026-03-16T19:30:00+00:00,252.45999999999992,252.69999999999993,251.79999999999993,252.00999999999993,2639
2026-03-16T19:45:00+00:00,252.00999999999993,252.60999999999993,251.84999999999994,252.44999999999993,3967
2026-03-17T13:30:00+00:00,252.44999999999993,254.03999999999994,251.63999999999993,253.81999999999994,3738
2026-03-17T13:45:00+00:00,253.81999999999994,254.71999999999994,253.78999999999994,254.30999999999995,3694
2026-03-17T14:00:00+00:00,254.30999999999995,254.42999999999992,253.68999999999994,253.74999999999994,3943
2026-03-17T14:15:00+00:00,253.74999999999994,254.08999999999995,253.40999999999994,254.02999999999994,3771
2026-03-17T14:30:00+00:00,254.02999999999994,254.58999999999995,253.85999999999993,254.18999999999994,3683
2026-03-17T14:45:00+00:00,254.18999999999994,254.31999999999994,253.85999999999993,253.98999999999992,3071
2026-03-17T15:00:00+00:00,253.98999999999992,254.22999999999993,253.43999999999994,253.79999999999993,3057
2026-03-17T15:15:00+00:00,253.79999999999993,254.10999999999993,253.63999999999993,253.74999999999994,3237
2026-03-17T15:30:00+00:00,253.74999999999994,253.96999999999994,253.23999999999992,253.87999999999994,3972
2026-03-17T15:45:00+00:00,253.87999999999994,254.31999999999994,253.83999999999995,254.02999999999994,3071
2026-03-17T16:00:00+00:00,254.02999999999994,254.51999999999992,253.83999999999995,254.21999999999994,3666
2026-03-17T16:15:00+00:00,254.21999999999994,254.76999999999992,254.13999999999993,254.50999999999993,2853
2026-03-17T16:30:00+00:00,254.50999999999993,254.64999999999992,253.97999999999993,254.18999999999994,3187
2026-03-17T16:45:00+00:00,254.18999999999994,254.33999999999995,253.68999999999994,253.72999999999993,2510
2026-03-17T17:00:00+00:00,253.72999999999993,253.94999999999993,253.43999999999994,253.54999999999993,2244
2026-03-17T17:15:00+00:00,253.54999999999993,253.56999999999994,253.19999999999993,253.54999999999993,2066
2026-03-17T17:30:00+00:00,253.54999999999993,253.93999999999994,253.49999999999994,253.86999999999995,1769
2026-03-17T17:45:00+00:00,253.86999999999995,254.23999999999992,253.68999999999994,254.12999999999994,1855
2026-03-17T18:00:00+00:00,254.12999999999994,254.28999999999994,253.83999999999995,253.89999999999992,1699
2026-03-17T18:15:00+00:00,253.89999999999992,254.02999999999994,253.57999999999993,253.70999999999992,1753
2026-03-17T18:30:00+00:00,253.70999999999992,253.94999999999993,253.56999999999994,253.60999999999993,1848
2026-03-17T18:45:00+00:00,253.60999999999993,253.68999999999994,253.40999999999994,253.48999999999992,1313
2026-03-17T19:00:00+00:00,253.48999999999992,253.53999999999994,252.75999999999993,253.32999999999993,2484
2026-03-17T19:15:00+00:00,253.32999999999993,253.73999999999992,253.29999999999993,253.40999999999994,2117
2026-03-17T19:30:00+00:00,253.40999999999994,253.57999999999993,253.29999999999993,253.48999999999992,2453
2026-03-17T19:45:00+00:00,253.48999999999992,254.19999999999993,253.43999999999994,253.81999999999994,3566
2026-03-18T13:30:00+00:00,253.81999999999994,254.55999999999995,251.00999999999993,253.80999999999995,3468
2026-03-18T13:45:00+00:00,253.80999999999995,254.31999999999994,252.79999999999993,253.06999999999994,5592
2026-03-18T14:00:00+00:00,253.06999999999994,253.45999999999992,252.48999999999992,252.66999999999993,5179
2026-03-18T14:15:00+00:00,252.66999999999993,253.13999999999993,251.94999999999993,251.97999999999993,4284
2026-03-18T14:30:00+00:00,251.97999999999993,252.43999999999994,251.68999999999994,251.80999999999995,3373
2026-03-18T14:45:00+00:00,251.80999999999995,252.19999999999993,251.68999999999994,252.17999999999992,3240
2026-03-18T15:00:00+00:00,252.17999999999992,252.69999999999993,251.84999999999994,252.15999999999994,3217
2026-03-18T15:15:00+00:00,252.15999999999994,252.37999999999994,251.78999999999994,251.92999999999992,2709
2026-03-18T15:30:00+00:00,251.92999999999992,251.95999999999992,251.29999999999993,251.40999999999994,2484
2026-03-18T15:45:00+00:00,251.40999999999994,251.64999999999992,251.15999999999994,251.39999999999992,2239
2026-03-18T16:00:00+00:00,251.39999999999992,251.51999999999992,251.08999999999995,251.45999999999992,2061
2026-03-18T16:15:00+00:00,251.45999999999992,251.64999999999992,251.13999999999993,251.18999999999994,2259
2026-03-18T16:30:00+00:00,251.18999999999994,251.21999999999994,250.33999999999995,250.55999999999995,2671
2026-03-18T16:45:00+00:00,250.55999999999995,250.89999999999992,250.33999999999995,250.57999999999993,1906
2026-03-18T17:00:00+00:00,250.57999999999993,250.63999999999993,250.01999999999992,250.07999999999993,2076
2026-03-18T17:15:00+00:00,250.07999999999993,250.56999999999994,250.05999999999995,250.43999999999994,1794
2026-03-18T17:30:00+00:00,250.43999999999994,250.62999999999994,250.14999999999992,250.46999999999994,2179
2026-03-18T17:45:00+00:00,250.46999999999994,251.04999999999993,250.41999999999993,250.97999999999993,2013
2026-03-18T18:00:00+00:00,250.97999999999993,251.28999999999994,250.70999999999992,250.91999999999993,4017
2026-03-18T18:15:00+00:00,250.91999999999993,250.93999999999994,250.35999999999993,250.57999999999993,3254
2026-03-18T18:30:00+00:00,250.57999999999993,250.58999999999995,249.59999999999994,250.00999999999993,3746
2026-03-18T18:45:00+00:00,250.00999999999993,250.04999999999993,249.50999999999993,249.53999999999994,2636
2026-03-18T19:00:00+00:00,249.53999999999994,250.14999999999992,249.39999999999992,249.78999999999994,3613
2026-03-18T19:15:00+00:00,249.78999999999994,249.86999999999995,249.24999999999994,249.33999999999995,3129
2026-03-18T19:30:00+00:00,249.33999999999995,249.46999999999994,248.63999999999993,248.77999999999994,3079
2026-03-18T19:45:00+00:00,248.77999999999994,249.98999999999992,248.70999999999992,249.41999999999993,3886
2026-03-19T13:30:00+00:00,249.41999999999993,250.31999999999994,246.92999999999992,250.05999999999995,3981
2026-03-19T13:45:00+00:00,250.05999999999995,251.43999999999994,249.96999999999994,250.39999999999992,6106
2026-03-19T14:00:00+00:00,250.39999999999992,250.79999999999993,249.83999999999995,250.30999999999995,5680
2026-03-19T14:15:00+00:00,250.30999999999995,250.45999999999992,249.27999999999994,249.41999999999993,5372
2026-03-19T14:30:00+00:00,249.41999999999993,250.35999999999993,249.19999999999993,249.26999999999992,5261
2026-03-19T14:45:00+00:00,249.26999999999992,249.83999999999995,248.95999999999992,249.49999999999994,4199
2026-03-19T15:00:00+00:00,249.49999999999994,249.91999999999993,249.23999999999992,249.72999999999993,3817
2026-03-19T15:15:00+00:00,249.72999999999993,249.79999999999993,248.74999999999994,249.00999999999993,3616
2026-03-19T15:30:00+00:00,249.00999999999993,249.14999999999992,248.74999999999994,248.76999999999992,3573
2026-03-19T15:45:00+00:00,248.76999999999992,249.35999999999993,248.66999999999993,249.25999999999993,4563
2026-03-19T16:00:00+00:00,249.25999999999993,249.57999999999993,248.95999999999992,249.25999999999993,3645
2026-03-19T16:15:00+00:00,249.25999999999993,249.30999999999995,248.51999999999992,248.88999999999993,3041
2026-03-19T16:30:00+00:00,248.88999999999993,249.05999999999995,248.03999999999994,248.18999999999994,2903
2026-03-19T16:45:00+00:00,248.18999999999994,248.20999999999992,247.49999999999994,247.67999999999992,2476
2026-03-19T17:00:00+00:00,247.67999999999992,247.86999999999995,247.33999999999995,247.60999999999993,2331
2026-03-19T17:15:00+00:00,247.60999999999993,248.16999999999993,247.53999999999994,247.88999999999993,2748
2026-03-19T17:30:00+00:00,247.88999999999993,248.04999999999993,247.40999999999994,247.59999999999994,2019
2026-03-19T17:45:00+00:00,247.59999999999994,247.91999999999993,247.34999999999994,247.59999999999994,2068
2026-03-19T18:00:00+00:00,247.59999999999994,248.15999999999994,247.30999999999995,247.99999999999994,2354
2026-03-19T18:15:00+00:00,247.99999999999994,248.12999999999994,247.64999999999992,247.65999999999994,2103
2026-03-19T18:30:00+00:00,247.65999999999994,247.86999999999995,247.29999999999993,247.34999999999994,1850
2026-03-19T18:45:00+00:00,247.34999999999994,248.19999999999993,247.32999999999993,248.01999999999992,2059
2026-03-19T19:00:00+00:00,248.01999999999992,249.20999999999992,247.98999999999992,248.67999999999992,6108
2026-03-19T19:15:00+00:00,248.67999999999992,248.98999999999992,247.75999999999993,248.07999999999993,4561
2026-03-19T19:30:00+00:00,248.07999999999993,248.47999999999993,247.84999999999994,248.13999999999993,4167
2026-03-19T19:45:00+00:00,248.13999999999993,248.96999999999994,247.90999999999994,248.42999999999992,4330
2026-03-20T13:30:00+00:00,248.42999999999992,248.42999999999992,246.24999999999994,246.94999999999993,4261
2026-03-20T13:45:00+00:00,246.94999999999993,248.37999999999994,246.92999999999992,247.30999999999995,6117
2026-03-20T14:00:00+00:00,247.30999999999995,247.35999999999993,246.45999999999992,247.28999999999994,6264
2026-03-20T14:15:00+00:00,247.28999999999994,248.09999999999994,247.19999999999993,247.38999999999993,5318
2026-03-20T14:30:00+00:00,247.38999999999993,247.71999999999994,246.76999999999992,247.63999999999993,5147
2026-03-20T14:45:00+00:00,247.63999999999993,248.50999999999993,247.44999999999993,247.81999999999994,5163
2026-03-20T15:00:00+00:00,247.81999999999994,248.25999999999993,247.45999999999992,247.81999999999994,5563
2026-03-20T15:15:00+00:00,247.81999999999994,248.27999999999994,247.39999999999992,247.58999999999995,5554
2026-03-20T15:30:00+00:00,247.58999999999995,247.94999999999993,247.47999999999993,247.92999999999992,4579
2026-03-20T15:45:00+00:00,247.92999999999992,248.54999999999993,247.70999999999992,248.47999999999993,3766
2026-03-20T16:00:00+00:00,248.47999999999993,248.66999999999993,248.15999999999994,248.47999999999993,3724
2026-03-20T16:15:00+00:00,248.47999999999993,248.51999999999992,248.14999999999992,248.23999999999992,3195
2026-03-20T16:30:00+00:00,248.23999999999992,248.29999999999993,247.73999999999992,248.05999999999995,3404
2026-03-20T16:45:00+00:00,248.05999999999995,248.31999999999994,247.69999999999993,248.08999999999995,2888
2026-03-20T17:00:00+00:00,248.08999999999995,248.41999999999993,247.81999999999994,248.11999999999995,3407
2026-03-20T17:15:00+00:00,248.11999999999995,248.24999999999994,247.76999999999992,247.87999999999994,2398
2026-03-20T17:30:00+00:00,247.87999999999994,248.01999999999992,247.13999999999993,247.44999999999993,2764
2026-03-20T17:45:00+00:00,247.44999999999993,247.90999999999994,247.27999999999994,247.74999999999994,2838
2026-03-20T18:00:00+00:00,247.74999999999994,248.38999999999993,247.74999999999994,248.05999999999995,2883
2026-03-20T18:15:00+00:00,248.05999999999995,248.12999999999994,247.38999999999993,247.66999999999993,4072
2026-03-20T18:30:00+00:00,247.66999999999993,247.91999999999993,247.39999999999992,247.56999999999994,3436
2026-03-20T18:45:00+00:00,247.56999999999994,248.07999999999993,247.21999999999994,248.06999999999994,3170
2026-03-20T19:00:00+00:00,248.06999999999994,248.84999999999994,247.74999999999994,247.82999999999993,4012
2026-03-20T19:15:00+00:00,247.82999999999993,247.99999999999994,247.46999999999994,247.70999999999992,3872
2026-03-20T19:30:00+00:00,247.70999999999992,247.79999999999993,246.43999999999994,247.32999999999993,4572
2026-03-20T19:45:00+00:00,247.32999999999993,247.82999999999993,245.63999999999993,247.80999999999995,5912
2026-03-23T13:30:00+00:00,247.80999999999995,254.07999999999993,247.80999999999995,252.92999999999992,4593
2026-03-23T13:45:00+00:00,252.92999999999992,253.15999999999994,251.44999999999993,251.60999999999993,6007
2026-03-23T14:00:00+00:00,251.60999999999993,251.80999999999995,250.64999999999992,251.77999999999994,7144
2026-03-23T14:15:00+00:00,251.77999999999994,252.64999999999992,251.66999999999993,252.06999999999994,5075
2026-03-23T14:30:00+00:00,252.06999999999994,252.33999999999995,251.26999999999992,251.53999999999994,4921
2026-03-23T14:45:00+00:00,251.53999999999994,252.22999999999993,251.14999999999992,251.72999999999993,4636
2026-03-23T15:00:00+00:00,251.72999999999993,252.56999999999994,251.54999999999993,252.33999999999995,4112
2026-03-23T15:15:00+00:00,252.33999999999995,252.39999999999992,251.64999999999992,252.17999999999992,4421
2026-03-23T15:30:00+00:00,252.17999999999992,252.54999999999993,251.84999999999994,252.34999999999994,4345
2026-03-23T15:45:00+00:00,252.34999999999994,252.36999999999995,251.16999999999993,251.16999999999993,5619
2026-03-23T16:00:00+00:00,251.16999999999993,252.02999999999994,251.14999999999992,251.77999999999994,5390
2026-03-23T16:15:00+00:00,251.77999999999994,251.98999999999992,250.23999999999992,250.42999999999992,4124
2026-03-23T16:30:00+00:00,250.42999999999992,251.35999999999993,250.24999999999994,251.04999999999993,4780
2026-03-23T16:45:00+00:00,251.04999999999993,251.31999999999994,250.48999999999992,250.68999999999994,4363
2026-03-23T17:00:00+00:00,250.68999999999994,250.91999999999993,250.11999999999995,250.17999999999992,3823
2026-03-23T17:15:00+00:00,250.17999999999992,250.74999999999994,249.89999999999992,250.53999999999994,3294
2026-03-23T17:30:00+00:00,250.53999999999994,251.28999999999994,250.49999999999994,250.67999999999992,3777
2026-03-23T17:45:00+00:00,250.67999999999992,251.55999999999995,250.56999999999994,251.51999999999992,2978
2026-03-23T18:00:00+00:00,251.51999999999992,251.62999999999994,250.73999999999992,251.00999999999993,3312
2026-03-23T18:15:00+00:00,251.00999999999993,251.19999999999993,250.77999999999994,250.91999999999993,3179
2026-03-23T18:30:00+00:00,250.91999999999993,251.75999999999993,250.91999999999993,251.38999999999993,3235
2026-03-23T18:45:00+00:00,251.38999999999993,252.04999999999993,251.37999999999994,251.91999999999993,2136
2026-03-23T19:00:00+00:00,251.91999999999993,252.00999999999993,251.44999999999993,251.58999999999995,2802
2026-03-23T19:15:00+00:00,251.58999999999995,251.65999999999994,251.24999999999994,251.40999999999994,2585
2026-03-23T19:30:00+00:00,251.40999999999994,252.04999999999993,251.33999999999995,252.03999999999994,2753
2026-03-23T19:45:00+00:00,252.03999999999994,252.16999999999993,250.55999999999995,251.09999999999994,4946
2026-03-24T13:30:00+00:00,251.09999999999994,251.66999999999993,249.18999999999994,251.26999999999992,3200
2026-03-24T13:45:00+00:00,251.26999999999992,251.76999999999992,250.77999999999994,251.24999999999994,6086
2026-03-24T14:00:00+00:00,251.24999999999994,252.72999999999993,251.16999999999993,252.35999999999993,5013
2026-03-24T14:15:00+00:00,252.35999999999993,252.75999999999993,251.87999999999994,252.07999999999993,5284
2026-03-24T14:30:00+00:00,252.07999999999993,252.47999999999993,251.70999999999992,252.05999999999995,4908
2026-03-24T14:45:00+00:00,252.05999999999995,252.92999999999992,251.36999999999995,251.69999999999993,7048
2026-03-24T15:00:00+00:00,251.69999999999993,253.42999999999992,251.63999999999993,253.37999999999994,4734
2026-03-24T15:15:00+00:00,253.37999999999994,253.78999999999994,253.24999999999994,253.57999999999993,3306
2026-03-24T15:30:00+00:00,253.57999999999993,253.95999999999992,253.43999999999994,253.84999999999994,3038
2026-03-24T15:45:00+00:00,253.84999999999994,254.31999999999994,253.27999999999994,253.50999999999993,3054
2026-03-24T16:00:00+00:00,253.50999999999993,253.60999999999993,252.99999999999994,253.17999999999992,3356
2026-03-24T16:15:00+00:00,253.17999999999992,254.46999999999994,253.13999999999993,254.22999999999993,3071
2026-03-24T16:30:00+00:00,254.22999999999993,254.34999999999994,253.14999999999992,253.25999999999993,3065
2026-03-24T16:45:00+00:00,253.25999999999993,253.52999999999994,252.98999999999992,253.27999999999994,2568
2026-03-24T17:00:00+00:00,253.27999999999994,253.46999999999994,252.45999999999992,252.63999999999993,4057
2026-03-24T17:15:00+00:00,252.63999999999993,252.71999999999994,252.37999999999994,252.64999999999992,3333
2026-03-24T17:30:00+00:00,252.64999999999992,253.15999999999994,251.90999999999994,252.01999999999992,3513
2026-03-24T17:45:00+00:00,252.01999999999992,252.87999999999994,251.93999999999994,252.84999999999994,4011
2026-03-24T18:00:00+00:00,252.84999999999994,253.11999999999995,252.26999999999992,252.33999999999995,3502
2026-03-24T18:15:00+00:00,252.33999999999995,252.49999999999994,251.99999999999994,252.16999999999993,3036
2026-03-24T18:30:00+00:00,252.16999999999993,252.66999999999993,251.83999999999995,252.08999999999995,3683
2026-03-24T18:45:00+00:00,252.08999999999995,252.40999999999994,251.84999999999994,252.05999999999995,2629
2026-03-24T19:00:00+00:00,252.05999999999995,252.78999999999994,252.03999999999994,252.72999999999993,2630
2026-03-24T19:15:00+00:00,252.72999999999993,252.72999999999993,251.67999999999992,251.71999999999994,2403
2026-03-24T19:30:00+00:00,251.71999999999994,251.77999999999994,250.90999999999994,251.11999999999995,3216
2026-03-24T19:45:00+00:00,251.11999999999995,251.41999999999993,250.84999999999994,251.41999999999993,4220
2026-03-25T13:30:00+00:00,251.41999999999993,254.56999999999994,251.41999999999993,253.15999999999994,4884
2026-03-25T13:45:00+00:00,253.15999999999994,253.21999999999994,251.43999999999994,251.50999999999993,6107
2026-03-25T14:00:00+00:00,251.50999999999993,252.46999999999994,251.22999999999993,252.40999999999994,5862
2026-03-25T14:15:00+00:00,252.40999999999994,252.58999999999995,251.78999999999994,252.44999999999993,5911
2026-03-25T14:30:00+00:00,252.44999999999993,252.99999999999994,252.15999999999994,252.90999999999994,6040
2026-03-25T14:45:00+00:00,252.90999999999994,253.30999999999995,252.88999999999993,253.04999999999993,4691
2026-03-25T15:00:00+00:00,253.04999999999993,253.58999999999995,252.73999999999992,253.39999999999992,5108
2026-03-25T15:15:00+00:00,253.39999999999992,253.91999999999993,252.61999999999995,253.87999999999994,7108
2026-03-25T15:30:00+00:00,253.87999999999994,254.10999999999993,253.24999999999994,253.34999999999994,4444
2026-03-25T15:45:00+00:00,253.34999999999994,253.57999999999993,252.84999999999994,253.14999999999992,4310
2026-03-25T16:00:00+00:00,253.14999999999992,253.20999999999992,252.70999999999992,253.14999999999992,4333
2026-03-25T16:15:00+00:00,253.14999999999992,253.77999999999994,253.03999999999994,253.59999999999994,4698
2026-03-25T16:30:00+00:00,253.59999999999994,254.29999999999993,253.44999999999993,253.87999999999994,3491
2026-03-25T16:45:00+00:00,253.87999999999994,254.03999999999994,253.64999999999992,253.84999999999994,2874
2026-03-25T17:00:00+00:00,253.84999999999994,254.04999999999993,253.41999999999993,253.63999999999993,3564
2026-03-25T17:15:00+00:00,253.63999999999993,253.95999999999992,253.35999999999993,253.76999999999992,3149
2026-03-25T17:30:00+00:00,253.76999999999992,254.14999999999992,253.60999999999993,254.03999999999994,3095
2026-03-25T17:45:00+00:00,254.03999999999994,254.04999999999993,253.46999999999994,253.59999999999994,4025
2026-03-25T18:00:00+00:00,253.59999999999994,253.77999999999994,253.35999999999993,253.72999999999993,2917
2026-03-25T18:15:00+00:00,253.72999999999993,253.87999999999994,253.56999999999994,253.59999999999994,2693
2026-03-25T18:30:00+00:00,253.59999999999994,253.69999999999993,253.09999999999994,253.09999999999994,2784
2026-03-25T18:45:00+00:00,253.09999999999994,253.16999999999993,252.30999999999995,252.41999999999993,3684
2026-03-25T19:00:00+00:00,252.41999999999993,252.51999999999992,251.88999999999993,252.43999999999994,5296
2026-03-25T19:15:00+00:00,252.43999999999994,252.67999999999992,252.19999999999993,252.26999999999992,4920
2026-03-25T19:30:00+00:00,252.26999999999992,252.30999999999995,251.68999999999994,251.82999999999993,4293
2026-03-25T19:45:00+00:00,251.82999999999993,252.44999999999993,251.63999999999993,252.34999999999994,4608
2026-03-26T13:30:00+00:00,252.34999999999994,252.34999999999994,250.13999999999993,251.42999999999992,3604
2026-03-26T13:45:00+00:00,251.42999999999992,253.46999999999994,251.36999999999995,253.41999999999993,5984
2026-03-26T14:00:00+00:00,253.41999999999993,254.74999999999994,253.07999999999993,254.65999999999994,5706
2026-03-26T14:15:00+00:00,254.65999999999994,255.87999999999994,254.43999999999994,255.53999999999994,4498
2026-03-26T14:30:00+00:00,255.53999999999994,256.35999999999996,255.41999999999993,256.0199999999999,4310
2026-03-26T14:45:00+00:00,256.0199999999999,256.49999999999994,255.14999999999992,256.0299999999999,5444
2026-03-26T15:00:00+00:00,256.0299999999999,256.61999999999995,255.65999999999994,255.80999999999995,4045
2026-03-26T15:15:00+00:00,255.80999999999995,255.87999999999994,255.18999999999994,255.29999999999993,2528
2026-03-26T15:30:00+00:00,255.29999999999993,256.3399999999999,255.19999999999993,255.87999999999994,2687
2026-03-26T15:45:00+00:00,255.87999999999994,256.37999999999994,255.66999999999993,256.11999999999995,3553
2026-03-26T16:00:00+00:00,256.11999999999995,256.3399999999999,255.34999999999994,255.75999999999993,2385
2026-03-26T16:15:00+00:00,255.75999999999993,255.97999999999996,255.14999999999992,255.72999999999993,3321
2026-03-26T16:30:00+00:00,255.72999999999993,256.0299999999999,255.23999999999992,255.86999999999995,2997
2026-03-26T16:45:00+00:00,255.86999999999995,255.9699999999999,255.46999999999994,255.89999999999992,2620
2026-03-26T17:00:00+00:00,255.89999999999992,256.0799999999999,254.78999999999994,254.89999999999992,2558
2026-03-26T17:15:00+00:00,254.89999999999992,254.93999999999994,254.19999999999993,254.58999999999995,2523
2026-03-26T17:30:00+00:00,254.58999999999995,254.69999999999993,253.76999999999992,253.85999999999993,2290
2026-03-26T17:45:00+00:00,253.85999999999993,254.02999999999994,253.26999999999992,253.41999999999993,3057
2026-03-26T18:00:00+00:00,253.41999999999993,254.71999999999994,253.25999999999993,253.27999999999994,3398
2026-03-26T18:15:00+00:00,253.27999999999994,253.55999999999995,253.00999999999993,253.46999999999994,2496
2026-03-26T18:30:00+00:00,253.46999999999994,254.13999999999993,253.43999999999994,253.74999999999994,2132
2026-03-26T18:45:00+00:00,253.74999999999994,254.02999999999994,253.66999999999993,253.96999999999994,1390
2026-03-26T19:00:00+00:00,253.96999999999994,254.10999999999993,253.33999999999995,253.42999999999992,2919
2026-03-26T19:15:00+00:00,253.42999999999992,253.68999999999994,252.78999999999994,253.31999999999994,2563
2026-03-26T19:30:00+00:00,253.31999999999994,253.34999999999994,251.95999999999992,252.20999999999992,3178
2026-03-26T19:45:00+00:00,252.20999999999992,252.84999999999994,251.64999999999992,252.61999999999995,4352
2026-03-27T13:30:00+00:00,252.61999999999995,254.67999999999992,252.39999999999992,253.61999999999995,3582
2026-03-27T13:45:00+00:00,253.61999999999995,254.95999999999992,253.60999999999993,254.55999999999995,5335
2026-03-27T14:00:00+00:00,254.55999999999995,255.09999999999994,253.65999999999994,254.31999999999994,5312
2026-03-27T14:15:00+00:00,254.31999999999994,254.91999999999993,253.55999999999995,254.06999999999994,4562
2026-03-27T14:30:00+00:00,254.06999999999994,254.31999999999994,251.94999999999993,252.10999999999993,4111
2026-03-27T14:45:00+00:00,252.10999999999993,253.10999999999993,251.40999999999994,252.89999999999992,4096
2026-03-27T15:00:00+00:00,252.89999999999992,253.05999999999995,251.73999999999992,251.82999999999993,3990
2026-03-27T15:15:00+00:00,251.82999999999993,252.39999999999992,251.57999999999993,252.25999999999993,4591
2026-03-27T15:30:00+00:00,252.25999999999993,252.87999999999994,251.74999999999994,252.18999999999994,3799
2026-03-27T15:45:00+00:00,252.18999999999994,252.53999999999994,251.93999999999994,252.35999999999993,2858
2026-03-27T16:00:00+00:00,252.35999999999993,252.52999999999994,251.87999999999994,252.33999999999995,2661
2026-03-27T16:15:00+00:00,252.33999999999995,252.35999999999993,251.31999999999994,251.37999999999994,2547
2026-03-27T16:30:00+00:00,251.37999999999994,251.90999999999994,251.33999999999995,251.83999999999995,2396
2026-03-27T16:45:00+00:00,251.83999999999995,252.38999999999993,251.76999999999992,252.04999999999993,2450
2026-03-27T17:00:00+00:00,252.04999999999993,252.28999999999994,251.18999999999994,251.43999999999994,2995
2026-03-27T17:15:00+00:00,251.43999999999994,251.47999999999993,249.98999999999992,250.02999999999994,2237
2026-03-27T17:30:00+00:00,250.02999999999994,250.20999999999992,249.18999999999994,249.28999999999994,2634
2026-03-27T17:45:00+00:00,249.28999999999994,249.72999999999993,248.99999999999994,249.44999999999993,2323
2026-03-27T18:00:00+00:00,249.44999999999993,249.57999999999993,248.26999999999992,248.66999999999993,2402
2026-03-27T18:15:00+00:00,248.66999999999993,249.14999999999992,248.58999999999995,249.00999999999993,2618
2026-03-27T18:30:00+00:00,249.00999999999993,249.14999999999992,248.23999999999992,248.47999999999993,2341
2026-03-27T18:45:00+00:00,248.47999999999993,248.80999999999995,248.27999999999994,248.28999999999994,2078
2026-03-27T19:00:00+00:00,248.28999999999994,248.74999999999994,247.95999999999992,248.62999999999994,2890
2026-03-27T19:15:00+00:00,248.62999999999994,248.83999999999995,247.88999999999993,248.04999999999993,2983
2026-03-27T19:30:00+00:00,248.04999999999993,248.39999999999992,247.75999999999993,247.94999999999993,3316
2026-03-27T19:45:00+00:00,247.94999999999993,248.93999999999994,247.71999999999994,248.30999999999995,4934
2026-03-30T13:30:00+00:00,248.30999999999995,251.23999999999995,247.68999999999994,248.12999999999997,4667
2026-03-30T13:45:00+00:00,248.12999999999997,248.99999999999994,247.63999999999996,248.27999999999994,6083
2026-03-30T14:00:00+00:00,248.27999999999994,248.92999999999995,248.07999999999996,248.47999999999996,5846
2026-03-30T14:15:00+00:00,248.47999999999996,248.77999999999994,247.85999999999996,248.48999999999995,4846
2026-03-30T14:30:00+00:00,248.48999999999995,248.68999999999994,247.52999999999994,247.52999999999994,4825
2026-03-30T14:45:00+00:00,247.52999999999994,247.97999999999996,246.70999999999995,247.18999999999994,5943
2026-03-30T15:00:00+00:00,247.18999999999994,247.68999999999994,246.82999999999996,247.27999999999994,4938
2026-03-30T15:15:00+00:00,247.27999999999994,247.63999999999996,246.87999999999997,247.18999999999994,4411
2026-03-30T15:30:00+00:00,247.18999999999994,247.69999999999996,246.97999999999996,247.53999999999996,4246
2026-03-30T15:45:00+00:00,247.53999999999996,247.87999999999997,247.16999999999996,247.52999999999994,4281
2026-03-30T16:00:00+00:00,247.52999999999994,247.68999999999994,246.82999999999996,247.57999999999996,3674
2026-03-30T16:15:00+00:00,247.57999999999996,247.59999999999997,246.62999999999997,246.69999999999996,3264
2026-03-30T16:30:00+00:00,246.69999999999996,247.74999999999994,246.62999999999997,247.64999999999995,2899
2026-03-30T16:45:00+00:00,247.64999999999995,248.09999999999997,247.58999999999995,247.98999999999995,2814
2026-03-30T17:00:00+00:00,247.98999999999995,248.11999999999995,247.43999999999994,247.54999999999995,2963
2026-03-30T17:15:00+00:00,247.54999999999995,247.58999999999995,246.62999999999997,246.87999999999997,4033
2026-03-30T17:30:00+00:00,246.87999999999997,247.74999999999994,246.66999999999996,247.64999999999995,3803
2026-03-30T17:45:00+00:00,247.64999999999995,247.99999999999994,247.28999999999996,247.56999999999996,3621
2026-03-30T18:00:00+00:00,247.56999999999996,247.83999999999995,247.19999999999996,247.41999999999996,2696
2026-03-30T18:15:00+00:00,247.41999999999996,247.50999999999996,247.04999999999995,247.17999999999995,2626
2026-03-30T18:30:00+00:00,247.17999999999995,247.46999999999994,246.81999999999996,247.12999999999997,2623
2026-03-30T18:45:00+00:00,247.12999999999997,247.48999999999995,246.97999999999996,247.40999999999997,2452
2026-03-30T19:00:00+00:00,247.40999999999997,247.49999999999994,246.59999999999997,246.85999999999996,4908
2026-03-30T19:15:00+00:00,246.85999999999996,247.06999999999996,246.49999999999994,246.54999999999995,4953
2026-03-30T19:30:00+00:00,246.54999999999995,246.75999999999996,246.18999999999994,246.55999999999995,4968
2026-03-30T19:45:00+00:00,246.55999999999995,247.72999999999996,246.55999999999995,247.43999999999994,5863
2026-03-31T13:30:00+00:00,247.43999999999994,249.62999999999997,247.43999999999994,248.42999999999995,4578
2026-03-31T13:45:00+00:00,248.42999999999995,249.93999999999994,248.41999999999996,249.47999999999996,4128
2026-03-31T14:00:00+00:00,249.47999999999996,249.54999999999995,248.58999999999995,249.17999999999995,4268
2026-03-31T14:15:00+00:00,249.17999999999995,249.78999999999996,248.97999999999996,249.61999999999995,3842
2026-03-31T14:30:00+00:00,249.61999999999995,249.69999999999996,248.21999999999994,248.25999999999996,3630
2026-03-31T14:45:00+00:00,248.25999999999996,248.59999999999997,247.77999999999994,247.96999999999994,4074
2026-03-31T15:00:00+00:00,247.96999999999994,249.11999999999995,247.93999999999994,249.01999999999995,3933
2026-03-31T15:15:00+00:00,249.01999999999995,249.56999999999996,248.96999999999994,249.08999999999995,4335
2026-03-31T15:30:00+00:00,249.08999999999995,249.41999999999996,248.30999999999995,249.28999999999996,4096
2026-03-31T15:45:00+00:00,249.28999999999996,249.71999999999994,249.05999999999995,249.27999999999994,3402
2026-03-31T16:00:00+00:00,249.27999999999994,250.36999999999995,249.15999999999997,250.11999999999995,3230
2026-03-31T16:15:00+00:00,250.11999999999995,251.36999999999995,250.10999999999996,251.00999999999996,2844
2026-03-31T16:30:00+00:00,251.00999999999996,252.95999999999995,250.84999999999997,252.41999999999996,5397
2026-03-31T16:45:00+00:00,252.41999999999996,253.94999999999996,252.28999999999996,253.79999999999995,8567
2026-03-31T17:00:00+00:00,253.79999999999995,254.59999999999997,253.21999999999994,253.90999999999997,5471
2026-03-31T17:15:00+00:00,253.90999999999997,254.28999999999996,253.71999999999994,253.85999999999996,5186
2026-03-31T17:30:00+00:00,253.85999999999996,254.60999999999996,253.06999999999996,253.27999999999994,5812
2026-03-31T17:45:00+00:00,253.27999999999994,253.85999999999996,253.06999999999996,253.18999999999994,3873
2026-03-31T18:00:00+00:00,253.18999999999994,253.83999999999995,253.18999999999994,253.43999999999994,3207
2026-03-31T18:15:00+00:00,253.43999999999994,254.05999999999995,253.38999999999996,253.78999999999996,3139
2026-03-31T18:30:00+00:00,253.78999999999996,254.45999999999995,253.68999999999994,254.03999999999996,3038
2026-03-31T18:45:00+00:00,254.03999999999996,254.60999999999996,254.03999999999996,254.40999999999997,1787
2026-03-31T19:00:00+00:00,254.40999999999997,254.68999999999994,254.10999999999996,254.54999999999995,3065
2026-03-31T19:15:00+00:00,254.54999999999995,254.80999999999995,254.09999999999997,254.30999999999995,3096
2026-03-31T19:30:00+00:00,254.30999999999995,254.77999999999994,254.28999999999996,254.63999999999996,3152
2026-03-31T19:45:00+00:00,254.63999999999996,256.15999999999997,253.94999999999996,254.45999999999995,6673
2026-04-01T13:30:00+00:00,254.45999999999995,256.76,254.45999999999995,256.17999999999995,4097
2026-04-01T13:45:00+00:00,256.17999999999995,256.48999999999995,255.14,255.26999999999998,5581
2026-04-01T14:00:00+00:00,255.26999999999998,255.79,254.67,254.91,5351
2026-04-01T14:15:00+00:00,254.91,255.74999999999997,254.55999999999997,254.79999999999998,4094
2026-04-01T14:30:00+00:00,254.79999999999998,255.04,253.98999999999998,254.82999999999998,4331
2026-04-01T14:45:00+00:00,254.82999999999998,255.07,254.54999999999998,254.76,3440
2026-04-01T15:00:00+00:00,254.76,255.01,254.46999999999997,254.82999999999998,2754
2026-04-01T15:15:00+00:00,254.82999999999998,255.41,254.60999999999999,254.82999999999998,2304
2026-04-01T15:30:00+00:00,254.82999999999998,254.91,254.42999999999998,254.61999999999998,2614
2026-04-01T15:45:00+00:00,254.61999999999998,255.51,254.51999999999998,255.29,1877
2026-04-01T16:00:00+00:00,255.29,255.48,254.98,255.07,1725
2026-04-01T16:15:00+00:00,255.07,255.26999999999998,254.76,255.07999999999998,1628
2026-04-01T16:30:00+00:00,255.07999999999998,255.51,254.85999999999999,255.45999999999998,1362
2026-04-01T16:45:00+00:00,255.45999999999998,255.64,255.08999999999997,255.29,1351
2026-04-01T17:00:00+00:00,255.29,255.85,255.17,255.66,1408
2026-04-01T17:15:00+00:00,255.66,256.0799999999999,255.64,255.76999999999995,1202
2026-04-01T17:30:00+00:00,255.76999999999995,255.92999999999995,255.42999999999995,255.63999999999996,1499
2026-04-01T17:45:00+00:00,255.63999999999996,255.95999999999995,255.40999999999997,255.43999999999994,1720
2026-04-01T18:00:00+00:00,255.43999999999994,255.57999999999996,255.18999999999994,255.46999999999994,2605
2026-04-01T18:15:00+00:00,255.46999999999994,255.58999999999995,254.76999999999995,254.98999999999995,2974
2026-04-01T18:30:00+00:00,254.98999999999995,255.36999999999995,254.63999999999996,255.30999999999995,2720
2026-04-01T18:45:00+00:00,255.30999999999995,255.38999999999996,254.88999999999996,255.01999999999995,2278
2026-04-01T19:00:00+00:00,255.01999999999995,255.66999999999996,255.01999999999995,255.64999999999995,2594
2026-04-01T19:15:00+00:00,255.64999999999995,256.34999999999997,255.49999999999994,256.31999999999994,2129
2026-04-01T19:30:00+00:00,256.31999999999994,256.78,256.03,256.53,2523
2026-04-01T19:45:00+00:00,256.53,256.81999999999994,255.70000000000002,256.36999999999995,4396
2026-04-02T13:30:00+00:00,256.36999999999995,256.36999999999995,251.31999999999996,251.48999999999995,3993
2026-04-02T13:45:00+00:00,251.48999999999995,253.29999999999995,251.32999999999996,253.17999999999995,4130
2026-04-02T14:00:00+00:00,253.17999999999995,253.45999999999995,251.83999999999995,252.71999999999994,4066
2026-04-02T14:15:00+00:00,252.71999999999994,253.15999999999997,252.48999999999995,252.75999999999996,3695
2026-04-02T14:30:00+00:00,252.75999999999996,255.22999999999996,252.63999999999996,254.60999999999996,6012
2026-04-02T14:45:00+00:00,254.60999999999996,256.06999999999994,254.40999999999997,256.06999999999994,4573.955933103265
2026-04-02T15:00:00+00:00,256.06999999999994,256.40999999999997,255.51999999999992,255.66999999999993,3254
2026-04-02T15:15:00+00:00,255.66999999999993,255.92999999999995,255.11999999999995,255.80999999999995,2970
2026-04-02T15:30:00+00:00,255.80999999999995,255.88999999999993,255.28999999999994,255.53999999999994,2631
2026-04-02T15:45:00+00:00,255.53999999999994,255.53999999999994,255.02999999999994,255.24999999999994,2957
2026-04-02T16:00:00+00:00,255.24999999999994,255.43999999999994,254.80999999999995,255.14999999999995,2604
2026-04-02T16:15:00+00:00,255.14999999999995,255.23999999999992,254.69999999999993,254.78999999999994,2547
2026-04-02T16:30:00+00:00,254.78999999999994,255.64999999999995,254.75999999999993,255.43999999999994,2143
2026-04-02T16:45:00+00:00,255.43999999999994,255.55999999999995,255.06999999999994,255.13999999999993,2050
2026-04-02T17:00:00+00:00,255.13999999999993,255.88999999999993,254.85999999999993,255.72999999999993,2236
2026-04-02T17:15:00+00:00,255.72999999999993,256.18999999999994,255.69999999999993,256.00999999999993,2159
2026-04-02T17:30:00+00:00,256.00999999999993,256.1099999999999,255.58999999999995,255.69999999999993,2383
2026-04-02T17:45:00+00:00,255.69999999999993,255.69999999999993,254.98999999999992,255.29999999999993,2289
2026-04-02T18:00:00+00:00,255.29999999999993,255.92999999999995,255.28999999999994,255.82999999999993,2399
2026-04-02T18:15:00+00:00,255.82999999999993,255.98999999999992,255.60999999999993,255.84999999999994,2249
2026-04-02T18:30:00+00:00,255.84999999999994,255.98999999999992,255.45999999999992,255.80999999999995,1927
2026-04-02T18:45:00+00:00,255.80999999999995,256.1599999999999,255.59999999999994,255.96999999999997,1228
2026-04-02T19:00:00+00:00,255.96999999999997,256.38,255.92000000000004,256.2,3083
2026-04-02T19:15:00+00:00,256.2,256.29999999999995,255.70999999999995,255.81999999999996,3194
2026-04-02T19:30:00+00:00,255.81999999999996,256.10999999999996,255.49999999999997,255.68999999999994,3340
2026-04-02T19:45:00+00:00,255.68999999999994,256.84,255.47999999999993,256.56000000000006,5508
2026-04-06T13:30:00+00:00,256.56000000000006,258.90000000000003,256.56000000000006,258.33000000000004,4461
2026-04-06T13:45:00+00:00,258.33000000000004,260.71000000000004,258.32000000000005,260.61000000000007,4136
2026-04-06T14:00:00+00:00,260.61000000000007,260.83000000000004,259.6,260.7900000000001,5201
2026-04-06T14:15:00+00:00,260.7900000000001,262.71000000000004,260.70000000000005,262.46000000000004,3604
2026-04-06T14:30:00+00:00,262.46000000000004,262.85,261.2900000000001,261.33000000000004,4348
2026-04-06T14:45:00+00:00,261.33000000000004,261.33000000000004,260.40000000000003,260.59000000000003,3433
2026-04-06T15:00:00+00:00,260.59000000000003,260.82000000000005,260.03000000000003,260.22,2828
2026-04-06T15:15:00+00:00,260.22,260.68000000000006,259.6700000000001,259.93000000000006,2483
2026-04-06T15:30:00+00:00,259.93000000000006,260.31000000000006,259.70000000000005,259.77000000000004,2439
2026-04-06T15:45:00+00:00,259.77000000000004,260.24000000000007,259.75000000000006,260.19000000000005,2037
2026-04-06T16:00:00+00:00,260.19000000000005,260.34000000000003,259.6,259.63000000000005,1748
2026-04-06T16:15:00+00:00,259.63000000000005,259.80000000000007,259.4200000000001,259.72,1785
2026-04-06T16:30:00+00:00,259.72,260.14000000000004,259.50000000000006,260.1,1571
2026-04-06T16:45:00+00:00,260.1,260.26000000000005,259.56000000000006,259.6700000000001,1673
2026-04-06T17:00:00+00:00,259.6700000000001,259.75000000000006,258.57000000000005,258.87000000000006,2325
2026-04-06T17:15:00+00:00,258.87000000000006,259.55000000000007,258.87000000000006,259.4200000000001,2574
2026-04-06T17:30:00+00:00,259.4200000000001,259.65000000000003,259.19000000000005,259.35,1977
2026-04-06T17:45:00+00:00,259.35,259.35,258.82000000000005,258.86000000000007,1590
2026-04-06T18:00:00+00:00,258.86000000000007,259.21000000000004,258.5400000000001,259.07000000000005,2290
2026-04-06T18:15:00+00:00,259.07000000000005,260.09000000000003,259.06000000000006,259.95000000000005,2235
2026-04-06T18:30:00+00:00,259.95000000000005,260.06000000000006,259.53000000000003,259.72,1582
2026-04-06T18:45:00+00:00,259.72,259.95000000000005,259.65000000000003,259.86000000000007,1209
2026-04-06T19:00:00+00:00,259.86000000000007,259.96000000000004,259.24000000000007,259.34000000000003,1747
2026-04-06T19:15:00+00:00,259.34000000000003,259.4200000000001,258.71000000000004,258.94000000000005,1699
2026-04-06T19:30:00+00:00,258.94000000000005,259.58000000000004,258.82000000000005,259.49000000000007,1802
2026-04-06T19:45:00+00:00,259.49000000000007,259.77000000000004,259.18000000000006,259.63000000000005,2951
2026-04-07T13:30:00+00:00,259.63000000000005,259.63000000000005,250.86000000000004,250.96000000000004,4800
2026-04-07T13:45:00+00:00,250.96000000000004,251.01000000000005,249.70000000000005,249.96000000000004,4690
2026-04-07T14:00:00+00:00,249.96000000000004,250.38000000000005,249.17000000000004,249.22000000000006,3921
2026-04-07T14:15:00+00:00,249.22000000000006,249.35000000000005,248.27000000000004,248.35000000000005,4175
2026-04-07T14:30:00+00:00,248.35000000000005,248.81000000000006,247.91000000000005,248.01000000000005,3590
2026-04-07T14:45:00+00:00,248.01000000000005,248.39000000000004,246.70000000000005,246.86000000000004,3358
2026-04-07T15:00:00+00:00,246.86000000000004,247.59000000000006,246.39000000000004,247.52000000000004,3477
2026-04-07T15:15:00+00:00,247.52000000000004,248.55000000000004,247.51000000000005,248.49000000000004,3381
2026-04-07T15:30:00+00:00,248.49000000000004,248.58000000000004,248.09000000000006,248.43000000000006,2463
2026-04-07T15:45:00+00:00,248.43000000000006,249.21000000000004,248.43000000000006,249.15000000000006,2391
2026-04-07T16:00:00+00:00,249.15000000000006,250.09000000000006,249.14000000000004,249.88000000000005,3006
2026-04-07T16:15:00+00:00,249.88000000000005,250.99000000000004,249.50000000000006,250.84000000000006,2849
2026-04-07T16:30:00+00:00,250.84000000000006,251.04000000000005,250.35000000000005,250.64000000000004,2133
2026-04-07T16:45:00+00:00,250.64000000000004,251.07000000000005,250.47000000000006,250.73000000000005,1958
2026-04-07T17:00:00+00:00,250.73000000000005,253.96000000000004,250.45000000000005,252.14000000000004,3656
2026-04-07T17:15:00+00:00,252.14000000000004,252.77000000000004,251.97000000000006,252.29000000000005,2576
2026-04-07T17:30:00+00:00,252.29000000000005,253.42000000000004,252.20000000000005,252.30000000000004,2838
2026-04-07T17:45:00+00:00,252.30000000000004,252.62000000000006,251.99000000000004,252.41000000000005,1914
2026-04-07T18:00:00+00:00,252.41000000000005,252.68000000000006,252.24000000000004,252.37000000000006,1714
2026-04-07T18:15:00+00:00,252.37000000000006,252.59000000000006,251.98000000000005,252.04000000000005,1857
2026-04-07T18:30:00+00:00,252.04000000000005,252.27000000000004,251.67000000000004,251.81000000000006,1956
2026-04-07T18:45:00+00:00,251.81000000000006,251.82000000000005,250.80000000000004,251.03000000000006,2243
2026-04-07T19:00:00+00:00,251.03000000000006,251.96000000000004,250.89000000000004,251.82000000000005,2993
2026-04-07T19:15:00+00:00,251.82000000000005,253.20000000000005,251.79000000000005,252.63000000000005,5190
2026-04-07T19:30:00+00:00,252.63000000000005,253.10000000000005,252.14000000000004,252.82000000000005,3868
2026-04-07T19:45:00+00:00,252.82000000000005,254.32000000000005,252.66000000000005,254.26000000000005,6302
2026-04-08T13:30:00+00:00,254.26000000000005,259.13000000000005,254.26000000000005,257.87000000000006,4420
2026-04-08T13:45:00+00:00,257.87000000000006,259.44000000000005,257.80000000000007,259.22,4546
2026-04-08T14:00:00+00:00,259.22,260.44000000000005,258.95000000000005,259.52000000000004,4160
2026-04-08T14:15:00+00:00,259.52000000000004,259.82000000000005,258.74000000000007,258.7900000000001,3404
2026-04-08T14:30:00+00:00,258.7900000000001,259.28000000000003,258.32000000000005,258.99000000000007,3541
2026-04-08T14:45:00+00:00,258.99000000000007,259.61000000000007,258.77000000000004,259.61000000000007,3546.0904255319147
2026-04-08T15:00:00+00:00,259.61000000000007,260.2200000000001,258.9700000000001,259.0400000000001,3107
2026-04-08T15:15:00+00:00,259.0400000000001,259.1700000000001,258.2200000000001,258.2200000000001,2685
2026-04-08T15:30:00+00:00,258.2200000000001,258.8800000000001,258.0600000000001,258.7600000000001,2392
2026-04-08T15:45:00+00:00,258.7600000000001,259.11000000000007,258.1200000000001,258.3000000000001,1821
2026-04-08T16:00:00+00:00,258.3000000000001,258.9000000000001,258.2100000000001,258.2300000000001,1933
2026-04-08T16:15:00+00:00,258.2300000000001,258.2700000000001,257.7900000000001,258.1000000000001,2055
2026-04-08T16:30:00+00:00,258.1000000000001,259.0200000000001,258.0800000000001,258.9700000000001,1960
2026-04-08T16:45:00+00:00,258.9700000000001,259.4000000000001,258.9000000000001,259.1200000000001,1565
2026-04-08T17:00:00+00:00,259.1200000000001,259.3400000000001,258.8100000000001,259.1400000000001,1570
2026-04-08T17:15:00+00:00,259.1400000000001,259.3400000000001,258.2100000000001,258.2200000000001,2148
2026-04-08T17:30:00+00:00,258.2200000000001,258.8100000000001,258.0900000000001,258.7100000000001,2333
2026-04-08T17:45:00+00:00,258.7100000000001,258.86000000000007,258.3800000000001,258.4100000000001,1199
2026-04-08T18:00:00+00:00,258.4100000000001,258.6500000000001,258.1200000000001,258.3000000000001,1860
2026-04-08T18:15:00+00:00,258.3000000000001,258.5000000000001,257.61000000000007,257.9100000000001,3227
2026-04-08T18:30:00+00:00,257.9100000000001,258.2700000000001,257.8200000000001,257.9100000000001,2013
2026-04-08T18:45:00+00:00,257.9100000000001,258.4300000000001,257.8300000000001,258.1000000000001,2001
2026-04-08T19:00:00+00:00,258.1000000000001,258.5500000000001,257.8900000000001,258.4500000000001,3139
2026-04-08T19:15:00+00:00,258.4500000000001,258.5200000000001,257.7900000000001,257.9100000000001,3071
2026-04-08T19:30:00+00:00,257.9100000000001,258.9900000000001,257.8700000000001,258.7400000000001,3482
2026-04-08T19:45:00+00:00,258.7400000000001,259.7600000000001,258.6900000000001,259.7600000000001,4173
2026-04-09T13:30:00+00:00,259.7600000000001,260.6400000000001,258.6400000000001,258.6900000000001,3087
2026-04-09T13:45:00+00:00,258.6900000000001,259.0400000000001,256.81000000000006,256.9200000000001,2949
2026-04-09T14:00:00+00:00,256.9200000000001,258.8800000000001,256.7900000000001,258.4500000000001,2782
2026-04-09T14:15:00+00:00,258.4500000000001,258.8400000000001,258.1400000000001,258.5300000000001,2580
2026-04-09T14:30:00+00:00,258.5300000000001,258.9600000000001,258.3700000000001,258.6700000000001,1993
2026-04-09T14:45:00+00:00,258.6700000000001,258.86000000000007,258.0400000000001,258.3400000000001,1962
2026-04-09T15:00:00+00:00,258.3400000000001,258.5500000000001,258.0600000000001,258.4000000000001,1803
2026-04-09T15:15:00+00:00,258.4000000000001,258.6300000000001,258.0800000000001,258.2200000000001,1970
2026-04-09T15:30:00+00:00,258.2200000000001,259.0200000000001,258.1600000000001,258.4800000000001,2955
2026-04-09T15:45:00+00:00,258.4800000000001,259.4100000000001,258.36000000000007,259.3500000000001,2330
2026-04-09T16:00:00+00:00,259.3500000000001,260.1900000000001,259.3100000000001,259.6500000000001,2340
2026-04-09T16:15:00+00:00,259.6500000000001,259.9500000000001,259.5200000000001,259.8300000000001,1731
2026-04-09T16:30:00+00:00,259.8300000000001,259.8800000000001,259.5000000000001,259.6500000000001,1503
2026-04-09T16:45:00+00:00,259.6500000000001,260.36000000000007,259.4900000000001,260.11000000000007,1527
2026-04-09T17:00:00+00:00,260.11000000000007,260.7200000000001,260.11000000000007,260.6700000000001,1592
2026-04-09T17:15:00+00:00,260.6700000000001,261.2400000000001,260.6200000000001,260.7700000000001,1510
2026-04-09T17:30:00+00:00,260.7700000000001,261.1500000000001,260.5000000000001,260.7200000000001,1465
2026-04-09T17:45:00+00:00,260.7200000000001,260.8700000000001,260.5200000000001,260.6500000000001,1322
2026-04-09T18:00:00+00:00,260.6500000000001,260.7500000000001,259.9800000000001,260.6400000000001,2267
2026-04-09T18:15:00+00:00,260.6400000000001,260.7600000000001,260.2700000000001,260.3300000000001,1498
2026-04-09T18:30:00+00:00,260.3300000000001,260.5600000000001,260.1600000000001,260.4900000000001,1552
2026-04-09T18:45:00+00:00,260.4900000000001,260.6700000000001,260.3100000000001,260.5800000000001,1156
2026-04-09T19:00:00+00:00,260.5800000000001,261.0500000000001,260.5300000000001,260.8000000000001,2030
2026-04-09T19:15:00+00:00,260.8000000000001,260.9800000000001,260.5500000000001,260.7700000000001,1711
2026-04-09T19:30:00+00:00,260.7700000000001,261.5100000000001,260.7200000000001,261.5000000000001,2149
2026-04-09T19:45:00+00:00,261.5000000000001,261.7400000000001,261.0500000000001,261.1000000000001,3196
2026-04-10T13:30:00+00:00,261.1000000000001,261.3500000000001,259.7300000000001,260.4100000000001,3217
2026-04-10T13:45:00+00:00,260.4100000000001,261.4200000000001,260.2100000000001,261.0300000000001,2712
2026-04-10T14:00:00+00:00,261.0300000000001,262.3400000000001,260.8900000000001,262.2900000000001,2935
2026-04-10T14:15:00+00:00,262.2900000000001,262.5400000000001,261.9300000000001,262.2800000000001,1886
2026-04-10T14:30:00+00:00,262.2800000000001,262.8100000000001,262.11000000000007,262.3000000000001,2158
2026-04-10T14:45:00+00:00,262.3000000000001,262.86000000000007,262.2200000000001,262.46000000000004,1908.1219774314884
2026-04-10T15:00:00+00:00,262.46000000000004,262.53000000000003,261.91,262.40000000000003,2158
2026-04-10T15:15:00+00:00,262.40000000000003,262.58000000000004,261.99000000000007,262.05000000000007,1705
2026-04-10T15:30:00+00:00,262.05000000000007,262.37000000000006,261.92,262.27000000000004,2013
2026-04-10T15:45:00+00:00,262.27000000000004,262.52000000000004,261.51000000000005,261.6,2137
2026-04-10T16:00:00+00:00,261.6,261.83000000000004,261.31000000000006,261.63000000000005,1591
2026-04-10T16:15:00+00:00,261.63000000000005,261.74000000000007,261.20000000000005,261.30000000000007,1475
2026-04-10T16:30:00+00:00,261.30000000000007,261.34000000000003,260.61000000000007,260.66,1375
2026-04-10T16:45:00+00:00,260.66,261.19000000000005,260.54,261.04,1380
2026-04-10T17:00:00+00:00,261.04,261.04,260.32000000000005,260.44000000000005,1296
2026-04-10T17:15:00+00:00,260.44000000000005,260.52000000000004,259.97,260.02000000000004,1148
2026-04-10T17:30:00+00:00,260.02000000000004,260.28000000000003,259.79,260.1,1149
2026-04-10T17:45:00+00:00,260.1,260.61000000000007,259.93000000000006,260.44000000000005,953
2026-04-10T18:00:00+00:00,260.44000000000005,260.54,260.17,260.31000000000006,1030
2026-04-10T18:15:00+00:00,260.31000000000006,260.91,260.29,260.90000000000003,1079
2026-04-10T18:30:00+00:00,260.90000000000003,260.97,260.63000000000005,260.85,1058
2026-04-10T18:45:00+00:00,260.85,260.89000000000004,260.45000000000005,260.50000000000006,703
2026-04-10T19:00:00+00:00,260.50000000000006,260.77000000000004,260.40000000000003,260.65000000000003,1458
2026-04-10T19:15:00+00:00,260.65000000000003,260.67,260.12000000000006,260.50000000000006,1788
2026-04-10T19:30:00+00:00,260.50000000000006,260.53000000000003,260.07000000000005,260.42,1888
2026-04-10T19:45:00+00:00,260.42,261.31000000000006,260.33000000000004,261.22,2646
2026-04-13T13:30:00+00:00,261.22,261.22,258.29,258.65000000000003,2832
2026-04-13T13:45:00+00:00,258.65000000000003,259.24000000000007,257.97,258.30000000000007,3781
2026-04-13T14:00:00+00:00,258.30000000000007,258.77000000000004,257.42,258.65000000000003,3232
2026-04-13T14:15:00+00:00,258.65000000000003,258.70000000000005,257.87000000000006,258.08000000000004,2871
2026-04-13T14:30:00+00:00,258.08000000000004,258.56000000000006,257.86000000000007,258.24000000000007,2359
2026-04-13T14:45:00+00:00,258.24000000000007,258.6,257.87000000000006,258.57000000000005,2595
2026-04-13T15:00:00+00:00,258.57000000000005,258.64000000000004,258.17,258.47,2763
2026-04-13T15:15:00+00:00,258.47,258.59000000000003,257.98,258.47,2246
2026-04-13T15:30:00+00:00,258.47,258.53000000000003,257.78000000000003,257.90000000000003,2631
2026-04-13T15:45:00+00:00,257.90000000000003,257.99000000000007,257.62000000000006,257.79,1446
2026-04-13T16:00:00+00:00,257.79,258.05000000000007,257.54,257.73,2620
2026-04-13T16:15:00+00:00,257.73,258.64000000000004,257.57000000000005,258.54,2820
2026-04-13T16:30:00+00:00,258.54,259.1,258.27000000000004,258.75000000000006,3802
2026-04-13T16:45:00+00:00,258.75000000000006,259.00000000000006,258.48,258.61000000000007,2818
2026-04-13T17:00:00+00:00,258.61000000000007,258.76000000000005,258.42,258.65000000000003,1693
2026-04-13T17:15:00+00:00,258.65000000000003,258.98,258.57000000000005,258.61000000000007,1571
2026-04-13T17:30:00+00:00,258.61000000000007,258.70000000000005,258.37000000000006,258.41,1740
2026-04-13T17:45:00+00:00,258.41,258.62000000000006,258.28000000000003,258.36000000000007,1500
2026-04-13T18:00:00+00:00,258.36000000000007,258.69000000000005,258.34000000000003,258.66,1213
2026-04-13T18:15:00+00:00,258.66,258.96000000000004,258.62000000000006,258.64000000000004,1098
2026-04-13T18:30:00+00:00,258.64000000000004,259.17,258.6,259.11000000000007,1324
2026-04-13T18:45:00+00:00,259.11000000000007,259.26000000000005,258.98,259.14000000000004,1552
2026-04-13T19:00:00+00:00,259.14000000000004,259.17,258.57000000000005,258.78000000000003,1359
2026-04-13T19:15:00+00:00,258.78000000000003,258.89000000000004,258.59000000000003,258.6,1323
2026-04-13T19:30:00+00:00,258.6,258.69000000000005,258.39000000000004,258.56000000000006,1799
2026-04-13T19:45:00+00:00,258.56000000000006,260.36000000000007,258.36000000000007,259.97,3713
2026-04-14T13:30:00+00:00,259.97,262.52000000000004,259.78000000000003,262.28000000000003,4013
2026-04-14T13:45:00+00:00,262.28000000000003,262.67,260.13000000000005,260.20000000000005,3099
2026-04-14T14:00:00+00:00,260.20000000000005,261.13000000000005,260.14000000000004,261.04,2580
2026-04-14T14:15:00+00:00,261.04,261.05000000000007,259.80000000000007,260.09000000000003,2457
2026-04-14T14:30:00+00:00,260.09000000000003,260.20000000000005,258.96000000000004,258.99000000000007,2126
2026-04-14T14:45:00+00:00,258.99000000000007,259.01000000000005,258.43000000000006,258.61000000000007,2351
2026-04-14T15:00:00+00:00,258.61000000000007,258.92,258.37000000000006,258.40000000000003,2055
2026-04-14T15:15:00+00:00,258.40000000000003,258.95000000000005,258.39000000000004,258.78000000000003,1890
2026-04-14T15:30:00+00:00,258.78000000000003,259.11000000000007,258.50000000000006,258.99000000000007,1872
2026-04-14T15:45:00+00:00,258.99000000000007,259.06000000000006,258.40000000000003,258.51000000000005,1693
2026-04-14T16:00:00+00:00,258.51000000000005,258.65000000000003,258.02000000000004,258.17,1125
2026-04-14T16:15:00+00:00,258.17,258.52000000000004,257.95000000000005,258.46000000000004,1231
2026-04-14T16:30:00+00:00,258.46000000000004,259.47,258.40000000000003,259.46000000000004,1657
2026-04-14T16:45:00+00:00,259.46000000000004,260.49000000000007,259.46000000000004,260.09000000000003,1821
2026-04-14T17:00:00+00:00,260.09000000000003,260.52000000000004,260.08000000000004,260.13000000000005,1320
2026-04-14T17:15:00+00:00,260.13000000000005,260.33000000000004,259.30000000000007,259.43000000000006,1309
2026-04-14T17:30:00+00:00,259.43000000000006,259.44000000000005,258.52000000000004,259.03000000000003,1457
2026-04-14T17:45:00+00:00,259.03000000000003,259.19000000000005,258.85,259.16,1258
2026-04-14T18:00:00+00:00,259.16,259.69000000000005,259.14000000000004,259.56000000000006,1146
2026-04-14T18:15:00+00:00,259.56000000000006,259.76000000000005,259.28000000000003,259.54,1482
2026-04-14T18:30:00+00:00,259.54,259.59000000000003,258.88000000000005,258.96000000000004,1180
2026-04-14T18:45:00+00:00,258.96000000000004,259.06000000000006,258.67,258.76000000000005,980
2026-04-14T19:00:00+00:00,258.76000000000005,259.24000000000007,258.52000000000004,258.99000000000007,1199
2026-04-14T19:15:00+00:00,258.99000000000007,259.45000000000005,258.97,259.08000000000004,1125
2026-04-14T19:30:00+00:00,259.08000000000004,259.46000000000004,258.91,259.29,1200
2026-04-14T19:45:00+00:00,259.29,259.66,258.97,259.66,2076
2026-04-15T13:30:00+00:00,259.66,261.06000000000006,258.53000000000003,259.32000000000005,5465
2026-04-15T13:45:00+00:00,259.32000000000005,259.71000000000004,258.61000000000007,259.36000000000007,3777
2026-04-15T14:00:00+00:00,259.36000000000007,260.94000000000005,259.34000000000003,260.92,3255
2026-04-15T14:15:00+00:00,260.92,261.81000000000006,260.92,261.47,3108
2026-04-15T14:30:00+00:00,261.47,262.11000000000007,261.18000000000006,262.06000000000006,2706
2026-04-15T14:45:00+00:00,262.06000000000006,264.08000000000004,261.97,263.7,3039.805778032037
2026-04-15T15:00:00+00:00,263.7,264.86,263.53,264.23,2996
2026-04-15T15:15:00+00:00,264.23,264.3,263.21,263.88,2841
2026-04-15T15:30:00+00:00,263.88,264.61,263.73,264.4,2363
2026-04-15T15:45:00+00:00,264.4,265.51,264.28,265.12,2412
2026-04-15T16:00:00+00:00,265.12,266.18,264.96999999999997,266.05,2060
2026-04-15T16:15:00+00:00,266.05,266.25,265.29,265.3,1979
2026-04-15T16:30:00+00:00,265.3,266.15999999999997,264.99,265.55,2836
2026-04-15T16:45:00+00:00,265.55,266.21,265.1,266.2,3323
2026-04-15T17:00:00+00:00,266.2,266.55,265.98,266.34,1974
2026-04-15T17:15:00+00:00,266.34,266.46999999999997,265.57,265.71,1754
2026-04-15T17:30:00+00:00,265.71,265.77,265.36,265.54,1649
2026-04-15T17:45:00+00:00,265.54,265.68,265.15,265.15999999999997,1364
2026-04-15T18:00:00+00:00,265.15999999999997,265.88,265.05,265.79,2503
2026-04-15T18:15:00+00:00,265.79,266.05,265.73,265.93,1639
2026-04-15T18:30:00+00:00,265.93,266.46,265.90999999999997,266.36,1359
2026-04-15T18:45:00+00:00,266.36,266.63,266.35,266.42,1157
2026-04-15T19:00:00+00:00,266.42,266.55,266.06,266.21,1979
2026-04-15T19:15:00+00:00,266.21,266.46,266.03,266.07,1967
2026-04-15T19:30:00+00:00,266.07,266.69,266,266.52,2049
2026-04-15T19:45:00+00:00,266.52,267.31,266.43,267.15999999999997,3271
2026-04-16T13:30:00+00:00,267.15999999999997,267.79,262.99,263.65999999999997,5539
2026-04-16T13:45:00+00:00,263.65999999999997,263.76,262.77,263.1,5540
2026-04-16T14:00:00+00:00,263.1,263.35,262.06,263.11,4684
2026-04-16T14:15:00+00:00,263.11,263.34,262.6,262.8,3508
2026-04-16T14:30:00+00:00,262.8,263.1,262.65999999999997,262.9,3498
2026-04-16T14:45:00+00:00,262.9,262.95,262.02,262.61,3259
2026-04-16T15:00:00+00:00,262.61,263.49,262.58,263.21999999999997,3398
2026-04-16T15:15:00+00:00,263.21999999999997,263.46,262.88,262.94,2963
2026-04-16T15:30:00+00:00,262.94,263.73,262.9,263.71999999999997,3708
2026-04-16T15:45:00+00:00,263.71999999999997,264.39,263.71,264.28,2167
2026-04-16T16:00:00+00:00,264.28,264.98,264.21,264.96999999999997,1899
2026-04-16T16:15:00+00:00,264.96999999999997,265.15999999999997,264.43,264.84,2148
2026-04-16T16:30:00+00:00,264.84,264.93,264.1,264.76,3552
2026-04-16T16:45:00+00:00,264.76,264.86,263.92,263.96,2512
2026-04-16T17:00:00+00:00,263.96,264.4,263.85,264.17,2509
2026-04-16T17:15:00+00:00,264.17,264.46,263.96,264.29,2792
2026-04-16T17:30:00+00:00,264.29,264.5,264.01,264.4,1727
2026-04-16T17:45:00+00:00,264.4,264.59,264.15999999999997,264.55,2199
2026-04-16T18:00:00+00:00,264.55,264.92,264.49,264.61,3276
2026-04-16T18:15:00+00:00,264.61,264.71,264.07,264.35,2602
2026-04-16T18:30:00+00:00,264.35,264.96,264.24,264.82,2120
2026-04-16T18:45:00+00:00,264.82,265.12,264.71,265.06,1552
2026-04-16T19:00:00+00:00,265.06,265.31,264.86,264.98,2238
2026-04-16T19:15:00+00:00,264.98,265.08,264.24,264.39,2098
2026-04-16T19:30:00+00:00,264.39,264.71999999999997,264.26,264.55,1981
2026-04-16T19:45:00+00:00,264.55,264.87,264.04,264.12,2781
2026-04-17T13:30:00+00:00,264.12,270.53,264.12,268.62,5048
2026-04-17T13:45:00+00:00,268.62,270.26,268.17,269.68,4873
2026-04-17T14:00:00+00:00,269.68,269.95,269.28,269.81,4156
2026-04-17T14:15:00+00:00,269.81,270.17,269.26,269.33,3036
2026-04-17T14:30:00+00:00,269.33,270.64,269.2,270.52,2782
2026-04-17T14:45:00+00:00,270.52,271.23,270.28,271.02,3055.1367058512747
2026-04-17T15:00:00+00:00,271.02,272.49,270.95,272.34999999999997,3024
2026-04-17T15:15:00+00:00,272.34999999999997,272.88,271.95,272.7,2659
2026-04-17T15:30:00+00:00,272.7,273.07,272.09999999999997,272.19,2335
2026-04-17T15:45:00+00:00,272.19,272.63,271.62,271.72999999999996,2500
2026-04-17T16:00:00+00:00,271.72999999999996,272.25,271.51,272.08,2090
2026-04-17T16:15:00+00:00,272.08,272.39,271.93,272.27,1771
2026-04-17T16:30:00+00:00,272.27,272.51,272.13,272.34999999999997,1749
2026-04-17T16:45:00+00:00,272.34999999999997,272.36,271.58,271.71999999999997,1505
2026-04-17T17:00:00+00:00,271.71999999999997,272.25,271.64,271.82,2037
2026-04-17T17:15:00+00:00,271.82,271.88,270.93,271.34999999999997,3449
2026-04-17T17:30:00+00:00,271.34999999999997,271.5,271.09999999999997,271.21,2150
2026-04-17T17:45:00+00:00,271.21,271.4,270.9,271,1795
2026-04-17T18:00:00+00:00,271,271.21999999999997,270.68,270.78,1903
2026-04-17T18:15:00+00:00,270.78,271.31,270.69,270.89,2251
2026-04-17T18:30:00+00:00,270.89,271.58,270.89,271.34,1452
2026-04-17T18:45:00+00:00,271.34,271.43,270.56,270.89,1729
2026-04-17T19:00:00+00:00,270.89,270.9,270.36,270.4,1662
2026-04-17T19:15:00+00:00,270.4,270.58,270.28999999999996,270.46999999999997,1613
2026-04-17T19:30:00+00:00,270.46999999999997,271.28,270.40999999999997,271.24,2038
2026-04-17T19:45:00+00:00,271.24,271.31,270.45,270.94,2828
2026-04-20T13:30:00+00:00,270.94,273.99,270.94,273.15,4524
2026-04-20T13:45:00+00:00,273.15,274.84999999999997,272.78999999999996,274.69,4216
2026-04-20T14:00:00+00:00,274.69,275.03999999999996,273.94,274.26,3284
2026-04-20T14:15:00+00:00,274.26,274.99,274.05,274.15,2925
2026-04-20T14:30:00+00:00,274.15,274.28999999999996,273.34,273.44,3305
2026-04-20T14:45:00+00:00,273.44,273.94,272.86,273.15999999999997,4010
2026-04-20T15:00:00+00:00,273.15999999999997,273.24,272.46999999999997,272.74,3083
2026-04-20T15:15:00+00:00,272.74,273.71999999999997,272.53999999999996,273.64,3491
2026-04-20T15:30:00+00:00,273.64,273.65999999999997,272.83,273.13,2540
2026-04-20T15:45:00+00:00,273.13,273.65,272.95,273.53,1828
2026-04-20T16:00:00+00:00,273.53,273.63,272.91999999999996,273.03,1941
2026-04-20T16:15:00+00:00,273.03,273.44,272.97999999999996,273.31,1695
2026-04-20T16:30:00+00:00,273.31,273.89,273.31,273.59,1782
2026-04-20T16:45:00+00:00,273.59,273.62,273.12,273.14,1467
2026-04-20T17:00:00+00:00,273.14,273.15999999999997,272.58,273.11,1586
2026-04-20T17:15:00+00:00,273.11,273.41999999999996,272.93,272.94,1266
2026-04-20T17:30:00+00:00,272.94,273.43,272.71999999999997,273.33,1651
2026-04-20T17:45:00+00:00,273.33,273.75,273.27,273.75,921
2026-04-20T18:00:00+00:00,273.75,274.26,273.53,274.2,1552
2026-04-20T18:15:00+00:00,274.2,274.41999999999996,273.87,274.22999999999996,1568
2026-04-20T18:30:00+00:00,274.22999999999996,274.24,273.8,273.84999999999997,1483
2026-04-20T18:45:00+00:00,273.84999999999997,273.97999999999996,273.72999999999996,273.75,1123
2026-04-20T19:00:00+00:00,273.75,273.96999999999997,273.65,273.89,1116
2026-04-20T19:15:00+00:00,273.89,274.03999999999996,273.40999999999997,273.46,1141
2026-04-20T19:30:00+00:00,273.46,273.49,273.03,273.33,1508
2026-04-20T19:45:00+00:00,273.33,273.95,273.11,273.71,2873
2026-04-21T13:30:00+00:00,273.71,273.71,271.28,272.19,3833
2026-04-21T13:45:00+00:00,272.19,272.66999999999996,271.46999999999997,272.56,3334
2026-04-21T14:00:00+00:00,272.56,272.82,271.09999999999997,271.12,2231
2026-04-21T14:15:00+00:00,271.12,271.31,270.13,270.37,2007
2026-04-21T14:30:00+00:00,270.37,270.62,269.86,270.07,2231
2026-04-21T14:45:00+00:00,270.07,270.34,269.5,269.56,2202
2026-04-21T15:00:00+00:00,269.56,269.81,269.09,269.66999999999996,2727
2026-04-21T15:15:00+00:00,269.66999999999996,269.7,268.52,268.65999999999997,2489
2026-04-21T15:30:00+00:00,268.65999999999997,268.78999999999996,268.02,268.02,2434
2026-04-21T15:45:00+00:00,268.02,268.28,267.33,267.47999999999996,2202
2026-04-21T16:00:00+00:00,267.47999999999996,267.97999999999996,266.57,266.90999999999997,2796
2026-04-21T16:15:00+00:00,266.90999999999997,267.34999999999997,266.62,266.64,1830
2026-04-21T16:30:00+00:00,266.64,266.86,266.15,266.2,2176
2026-04-21T16:45:00+00:00,266.2,267.12,266.2,267.11,1765
2026-04-21T17:00:00+00:00,267.11,267.62,266.64,267.24,2544
2026-04-21T17:15:00+00:00,267.24,267.40999999999997,266.53999999999996,266.88,2062
2026-04-21T17:30:00+00:00,266.88,267.78,266.8,267.39,2640
2026-04-21T17:45:00+00:00,267.39,267.41999999999996,266.84,267.13,1547
2026-04-21T18:00:00+00:00,267.13,267.63,267.08,267.63,1298
2026-04-21T18:15:00+00:00,267.63,267.64,266.96999999999997,267.15999999999997,1305
2026-04-21T18:30:00+00:00,267.15999999999997,268.22999999999996,267.14,268,1605
2026-04-21T18:45:00+00:00,268,268.64,267.72999999999996,268.62,2175
2026-04-21T19:00:00+00:00,268.62,268.95,268.43,268.43,1387
2026-04-21T19:15:00+00:00,268.43,268.88,268.37,268.75,1304
2026-04-21T19:30:00+00:00,268.75,268.75,266.82,267.06,2339
2026-04-21T19:45:00+00:00,267.06,267.8,266.58,266.9,3410
2026-04-22T13:30:00+00:00,266.9,269.36,266.9,269,3416
2026-04-22T13:45:00+00:00,269,269.86,268.94,269.22999999999996,3351
2026-04-22T14:00:00+00:00,269.22999999999996,271.51,269.14,271.43,3352
2026-04-22T14:15:00+00:00,271.43,272.71999999999997,271.08,272.7,3430
2026-04-22T14:30:00+00:00,272.7,273.33,272.33,272.38,3614
2026-04-22T14:45:00+00:00,272.38,272.62,271.71999999999997,272.03,3134.5936626281455
2026-04-22T15:00:00+00:00,272.03,273.08,272.02,273,2940
2026-04-22T15:15:00+00:00,273,273.55,272.71,273.19,2351
2026-04-22T15:30:00+00:00,273.19,274.06,273.08,273.66,2698
2026-04-22T15:45:00+00:00,273.66,273.96,273.46999999999997,273.82,2190
2026-04-22T16:00:00+00:00,273.82,274.3,273.62,274,2169
2026-04-22T16:15:00+00:00,274,274.19,273.37,273.46,1893
2026-04-22T16:30:00+00:00,273.46,273.73,273.21999999999997,273.59,2154
2026-04-22T16:45:00+00:00,273.59,273.6,273.17,273.31,1984
2026-04-22T17:00:00+00:00,273.31,274.21999999999997,273.26,273.93,2312
2026-04-22T17:15:00+00:00,273.93,274.2,273.33,274.06,1695
2026-04-22T17:30:00+00:00,274.06,274.46,273.99,274.37,1234
2026-04-22T17:45:00+00:00,274.37,274.5,273.95,274.3,1568
2026-04-22T18:00:00+00:00,274.3,274.56,274.02,274.07,1569
2026-04-22T18:15:00+00:00,274.07,274.09,273.4,273.51,1715
2026-04-22T18:30:00+00:00,273.51,273.6,273.08,273.23,1620
2026-04-22T18:45:00+00:00,273.23,273.34,272.92,273.2,1600
2026-04-22T19:00:00+00:00,273.2,273.48,273.07,273.17,2229
2026-04-22T19:15:00+00:00,273.17,273.64,273.07,273.52,1723
2026-04-22T19:30:00+00:00,273.52,273.82,273.35,273.63,1636
2026-04-22T19:45:00+00:00,273.63,274.06,273.33,273.99,2609
2026-04-23T13:30:00+00:00,273.99,276.56,273.93,274.32,3263
2026-04-23T13:45:00+00:00,274.32,274.95,273.93,274.5,3490
2026-04-23T14:00:00+00:00,274.5,275.39,274.21,274.71999999999997,3826
2026-04-23T14:15:00+00:00,274.71999999999997,275.35,274.44,274.75,3004
2026-04-23T14:30:00+00:00,274.75,275.02,274.15,274.42,2591
2026-04-23T14:45:00+00:00,274.42,275.13,274.34,274.71999999999997,2063
2026-04-23T15:00:00+00:00,274.71999999999997,274.94,274.08,274.19,2105
2026-04-23T15:15:00+00:00,274.19,274.64,274.11,274.45,1946
2026-04-23T15:30:00+00:00,274.45,275.21999999999997,274.07,274.12,1969
2026-04-23T15:45:00+00:00,274.12,274.37,273.83,274.16,2424
2026-04-23T16:00:00+00:00,274.16,274.27,273.88,274.14,1912
2026-04-23T16:15:00+00:00,274.14,274.49,274.08,274.4,1404
2026-04-23T16:30:00+00:00,274.4,274.46,273.76,273.87,1245
2026-04-23T16:45:00+00:00,273.87,274.06,273.8,273.84,1261
2026-04-23T17:00:00+00:00,273.84,273.86,273.11,273.24,4173
2026-04-23T17:15:00+00:00,273.24,273.79,272.9,273.01,3927
2026-04-23T17:30:00+00:00,273.01,273.67,272.59,272.95,4262
2026-04-23T17:45:00+00:00,272.95,273.87,272.43,273.74,5849
2026-04-23T18:00:00+00:00,273.74,274.4,273.67,274.07,3877
2026-04-23T18:15:00+00:00,274.07,274.58,274,274.49,2458
2026-04-23T18:30:00+00:00,274.49,274.95,274.3,274.63,1990
2026-04-23T18:45:00+00:00,274.63,275.04,274.33,274.69,2353
2026-04-23T19:00:00+00:00,274.69,275.37,274.61,275.26,2415
2026-04-23T19:15:00+00:00,275.26,275.33,274.92,274.96,1873
2026-04-23T19:30:00+00:00,274.96,275.07,274.25,274.45,2535
2026-04-23T19:45:00+00:00,274.45,274.68,273.85,274.24,3046
2026-04-24T13:30:00+00:00,274.24,274.24,270.87,272.03,3031
2026-04-24T13:45:00+00:00,272.03,272.9,271.87,272.46999999999997,2981
2026-04-24T14:00:00+00:00,272.46999999999997,272.62,271.69,272.35,3007
2026-04-24T14:15:00+00:00,272.35,273.21999999999997,272.28,272.88,2717
2026-04-24T14:30:00+00:00,272.88,273.37,272.66,272.67,3282
2026-04-24T14:45:00+00:00,272.67,272.96,272.11,272.28000000000003,2788.1633144475923
2026-04-24T15:00:00+00:00,272.28000000000003,272.44000000000005,271.52000000000004,271.85,2606
2026-04-24T15:15:00+00:00,271.85,272.07000000000005,271.40000000000003,271.51000000000005,2113
2026-04-24T15:30:00+00:00,271.51000000000005,271.54,270.64000000000004,271.17,2705
2026-04-24T15:45:00+00:00,271.17,272.01000000000005,270.75000000000006,271.84000000000003,4189
2026-04-24T16:00:00+00:00,271.84000000000003,272.52000000000004,271.54,272.40000000000003,1967
2026-04-24T16:15:00+00:00,272.40000000000003,272.45000000000005,271.79,271.85,1803
2026-04-24T16:30:00+00:00,271.85,272.00000000000006,271.18000000000006,271.25000000000006,1615
2026-04-24T16:45:00+00:00,271.25000000000006,271.42,270.90000000000003,271.29,1480
2026-04-24T17:00:00+00:00,271.29,271.45000000000005,270.6,270.8,1605
2026-04-24T17:15:00+00:00,270.8,271.09000000000003,270.49,270.91,1781
2026-04-24T17:30:00+00:00,270.91,271.01000000000005,270.69000000000005,270.83000000000004,1793
2026-04-24T17:45:00+00:00,270.83000000000004,271.08000000000004,270.59000000000003,270.62000000000006,1555
2026-04-24T18:00:00+00:00,270.62000000000006,271.02000000000004,270.54,271.01000000000005,1825
2026-04-24T18:15:00+00:00,271.01000000000005,271.05,270.72,270.8,1355
2026-04-24T18:30:00+00:00,270.8,271.22,270.69000000000005,271.17,1132
2026-04-24T18:45:00+00:00,271.17,271.17,270.79,270.91,1147
2026-04-24T19:00:00+00:00,270.91,271.22,270.74,271.02000000000004,1551
2026-04-24T19:15:00+00:00,271.02000000000004,271.15000000000003,270.75000000000006,270.92,1574
2026-04-24T19:30:00+00:00,270.92,271.38000000000005,270.84000000000003,271.34000000000003,1696
2026-04-24T19:45:00+00:00,271.34000000000003,272.18000000000006,271.3,271.85,3086
2026-04-27T13:30:00+00:00,271.85,271.85,265.91,268.27000000000004,5032
2026-04-27T13:45:00+00:00,268.27000000000004,269.20000000000005,268.14000000000004,268.94000000000005,6246
2026-04-27T14:00:00+00:00,268.94000000000005,269.04,267.94000000000005,268.20000000000005,4350
2026-04-27T14:15:00+00:00,268.20000000000005,268.56000000000006,268.01000000000005,268.14000000000004,3045
2026-04-27T14:30:00+00:00,268.14000000000004,268.62000000000006,267.88000000000005,268.03000000000003,3634
2026-04-27T14:45:00+00:00,268.03000000000003,268.15000000000003,267.51000000000005,267.99,2537
2026-04-27T15:00:00+00:00,267.99,268.39000000000004,267.56000000000006,267.68000000000006,2763
2026-04-27T15:15:00+00:00,267.68000000000006,268.02000000000004,267.45000000000005,267.95000000000005,2657
2026-04-27T15:30:00+00:00,267.95000000000005,268.47,267.69000000000005,268.45000000000005,2256
2026-04-27T15:45:00+00:00,268.45000000000005,268.47,267.51000000000005,267.62000000000006,2083
2026-04-27T16:00:00+00:00,267.62000000000006,267.85,267.45000000000005,267.67,1801
2026-04-27T16:15:00+00:00,267.67,267.69000000000005,267.09000000000003,267.15000000000003,1439
2026-04-27T16:30:00+00:00,267.15000000000003,267.49,267.11,267.41,1657
2026-04-27T16:45:00+00:00,267.41,267.51000000000005,267.16,267.27000000000004,1520
2026-04-27T17:00:00+00:00,267.27000000000004,267.52000000000004,267.20000000000005,267.27000000000004,1533
2026-04-27T17:15:00+00:00,267.27000000000004,267.86,267.24,267.67,1814
2026-04-27T17:30:00+00:00,267.67,267.90000000000003,267.59000000000003,267.68000000000006,1700
2026-04-27T17:45:00+00:00,267.68000000000006,267.72,267.18000000000006,267.31000000000006,1527
2026-04-27T18:00:00+00:00,267.31000000000006,267.48,267.02000000000004,267.37000000000006,1428
2026-04-27T18:15:00+00:00,267.37000000000006,267.42,266.93000000000006,267.19000000000005,1439
2026-04-27T18:30:00+00:00,267.19000000000005,267.29,266.96000000000004,267.02000000000004,1366
2026-04-27T18:45:00+00:00,267.02000000000004,267.35,266.99,267.24,1181
2026-04-27T19:00:00+00:00,267.24,267.57000000000005,267.14000000000004,267.46000000000004,1478
2026-04-27T19:15:00+00:00,267.46000000000004,268.05,267.46000000000004,268.00000000000006,1619
2026-04-27T19:30:00+00:00,268.00000000000006,268.57000000000005,267.89000000000004,268.56000000000006,2417
2026-04-27T19:45:00+00:00,268.56000000000006,268.79,268.25000000000006,268.47,3350
2026-04-28T13:30:00+00:00,268.47,273.82000000000005,268.47,270.54,5825
2026-04-28T13:45:00+00:00,270.54,271.41,270.34000000000003,270.69000000000005,5022
2026-04-28T14:00:00+00:00,270.69000000000005,271.28000000000003,270.47,271.1,3658
2026-04-28T14:15:00+00:00,271.1,272.24,271.05,272.09000000000003,3256
2026-04-28T14:30:00+00:00,272.09000000000003,272.50000000000006,271.48,272.08000000000004,5177
2026-04-28T14:45:00+00:00,272.08000000000004,272.56000000000006,271.73,271.94000000000005,5558
2026-04-28T15:00:00+00:00,271.94000000000005,272.67,271.90000000000003,272.38000000000005,4412
2026-04-28T15:15:00+00:00,272.38000000000005,272.43000000000006,271.14000000000004,271.14000000000004,3745
2026-04-28T15:30:00+00:00,271.14000000000004,271.39000000000004,270.72,270.77000000000004,3357
2026-04-28T15:45:00+00:00,270.77000000000004,270.97,270.31000000000006,270.51000000000005,2756
2026-04-28T16:00:00+00:00,270.51000000000005,271.01000000000005,270.45000000000005,270.72,2124
2026-04-28T16:15:00+00:00,270.72,270.72,270.17,270.32000000000005,1870
2026-04-28T16:30:00+00:00,270.32000000000005,270.71000000000004,270.27000000000004,270.49,2063
2026-04-28T16:45:00+00:00,270.49,270.95000000000005,270.34000000000003,270.78000000000003,2229
2026-04-28T17:00:00+00:00,270.78000000000003,270.98,270.46000000000004,270.54,2086
2026-04-28T17:15:00+00:00,270.54,270.79,270.34000000000003,270.68000000000006,1841
2026-04-28T17:30:00+00:00,270.68000000000006,270.96000000000004,270.6,270.90000000000003,1796
2026-04-28T17:45:00+00:00,270.90000000000003,271.49,270.88000000000005,271.31000000000006,1624
2026-04-28T18:00:00+00:00,271.31000000000006,271.67,270.93000000000006,271.36,1980
2026-04-28T18:15:00+00:00,271.36,271.52000000000004,271.26000000000005,271.32000000000005,2013
2026-04-28T18:30:00+00:00,271.32000000000005,271.38000000000005,270.99,271.06000000000006,1460
2026-04-28T18:45:00+00:00,271.06000000000006,271.13000000000005,270.73,270.91,1349
2026-04-28T19:00:00+00:00,270.91,271.29,270.85,271.25000000000006,1924
2026-04-28T19:15:00+00:00,271.25000000000006,271.46000000000004,270.93000000000006,271.01000000000005,2165
2026-04-28T19:30:00+00:00,271.01000000000005,271.43000000000006,270.84000000000003,271.36,2151
2026-04-28T19:45:00+00:00,271.36,271.78000000000003,271.34000000000003,271.59000000000003,3242
2026-04-29T13:30:00+00:00,271.59000000000003,271.59000000000003,267.85,269.32000000000005,3815
2026-04-29T13:45:00+00:00,269.32000000000005,270.38000000000005,269.3,270.07000000000005,3484
2026-04-29T14:00:00+00:00,270.07000000000005,271.13000000000005,270.03000000000003,270.32000000000005,3379
2026-04-29T14:15:00+00:00,270.32000000000005,270.50000000000006,269.85,270.21000000000004,2182
2026-04-29T14:30:00+00:00,270.21000000000004,270.31000000000006,269.86,270.22,2412
2026-04-29T14:45:00+00:00,270.22,270.76000000000005,270.12000000000006,270.14000000000004,1823.2518828451882
2026-04-29T15:00:00+00:00,270.14000000000004,270.26,269.68,269.77000000000004,2215
2026-04-29T15:15:00+00:00,269.77000000000004,269.99,269.56,269.68,1763
2026-04-29T15:30:00+00:00,269.68,270.13,269.46000000000004,269.91,1924
2026-04-29T15:45:00+00:00,269.91,270.12,268.98,269.48,3440
2026-04-29T16:00:00+00:00,269.48,269.96000000000004,269.47,269.87,1822
2026-04-29T16:15:00+00:00,269.87,270.92,269.55,270.67,1850
2026-04-29T16:30:00+00:00,270.67,271.1,270.58000000000004,271.03000000000003,2215
2026-04-29T16:45:00+00:00,271.03000000000003,271.88,270.90000000000003,271.83000000000004,1730
2026-04-29T17:00:00+00:00,271.83000000000004,271.84000000000003,270.95000000000005,270.99,1845
2026-04-29T17:15:00+00:00,270.99,271.1,270.77000000000004,271.04,2072
2026-04-29T17:30:00+00:00,271.04,271.39000000000004,270.96000000000004,271.19,1465
2026-04-29T17:45:00+00:00,271.19,271.43,270.95000000000005,271.04,1881
2026-04-29T18:00:00+00:00,271.04,271.09000000000003,270.47,270.86,2929
2026-04-29T18:15:00+00:00,270.86,271.11,270.56,270.58000000000004,2305
2026-04-29T18:30:00+00:00,270.58000000000004,271.03000000000003,270.33000000000004,270.35,3156
2026-04-29T18:45:00+00:00,270.35,270.91,270.22,270.87,2525
2026-04-29T19:00:00+00:00,270.87,271.29,270.87,271.1,2873
2026-04-29T19:15:00+00:00,271.1,271.24,270.96000000000004,271.12,2414
2026-04-29T19:30:00+00:00,271.12,271.22,270.55,270.71000000000004,2483
2026-04-29T19:45:00+00:00,270.71000000000004,271.17,270.46000000000004,271.12,3150
2026-04-30T13:30:00+00:00,271.12,271.62,268.99,269.88,4634
2026-04-30T13:45:00+00:00,269.88,271.53000000000003,269.86,271.38,4381
2026-04-30T14:00:00+00:00,271.38,273.01,271.35,271.98,5599
2026-04-30T14:15:00+00:00,271.98,272.93,271.83000000000004,272.74,4925
2026-04-30T14:30:00+00:00,272.74,273.07,271.77000000000004,272.32,5160
2026-04-30T14:45:00+00:00,272.32,272.49,271.58000000000004,271.70000000000005,4028
2026-04-30T15:00:00+00:00,271.70000000000005,272.3,271.59000000000003,272.12,3774
2026-04-30T15:15:00+00:00,272.12,272.47,271.81,272.37,3508
2026-04-30T15:30:00+00:00,272.37,272.8,272.07,272.49,3125
2026-04-30T15:45:00+00:00,272.49,272.83000000000004,272.03000000000003,272.79,2433
2026-04-30T16:00:00+00:00,272.79,273.47,272.6,273.38,2105
2026-04-30T16:15:00+00:00,273.38,273.95000000000005,273.15000000000003,273.87,2169
2026-04-30T16:30:00+00:00,273.87,274.6,273.77000000000004,273.83000000000004,2880
2026-04-30T16:45:00+00:00,273.83000000000004,273.85,272.54,272.83000000000004,2352
2026-04-30T17:00:00+00:00,272.83000000000004,273.44,272.52000000000004,273.16,2261
2026-04-30T17:15:00+00:00,273.16,273.66,272.87,273.61,2229
2026-04-30T17:30:00+00:00,273.61,274.62,273.59000000000003,274.54,2496
2026-04-30T17:45:00+00:00,274.54,274.72,274.36,274.47,1829
2026-04-30T18:00:00+00:00,274.47,275.06,274.41,274.84000000000003,1831
2026-04-30T18:15:00+00:00,274.84000000000003,274.92,274.3,274.44,2023
2026-04-30T18:30:00+00:00,274.44,274.79,274.36,274.48,1835
2026-04-30T18:45:00+00:00,274.48,274.74,273.90000000000003,273.94,2268
2026-04-30T19:00:00+00:00,273.94,275.11,273.68,275.07,3646
2026-04-30T19:15:00+00:00,275.07,275.35,274.84000000000003,275.34000000000003,3052
2026-04-30T19:30:00+00:00,275.34000000000003,275.37,274.76,275.31,3404
2026-04-30T19:45:00+00:00,275.31,276.78000000000003,271.16,272.39000000000004,6361
2026-05-01T13:30:00+00:00,272.39000000000004,284.54,272.39000000000004,282.86,6325
2026-05-01T13:45:00+00:00,282.86,285.59000000000003,282.24,284.77000000000004,5142
2026-05-01T14:00:00+00:00,284.77000000000004,288.03000000000003,284.67,286.98,5437
2026-05-01T14:15:00+00:00,286.98,287.27000000000004,285.90000000000003,286.19,4337
2026-05-01T14:30:00+00:00,286.19,286.40000000000003,283.16,283.25,4456
2026-05-01T14:45:00+00:00,283.25,284.56,282.87,283.4,3323.0708945925744
2026-05-01T15:00:00+00:00,283.4,284.28999999999996,282.21999999999997,284.28,3463
2026-05-01T15:15:00+00:00,284.28,285.03,284.03999999999996,284.68999999999994,2645
2026-05-01T15:30:00+00:00,284.68999999999994,285.71999999999997,283.98999999999995,285.58,2286
2026-05-01T15:45:00+00:00,285.58,286.24999999999994,285.2,285.48999999999995,3013
2026-05-01T16:00:00+00:00,285.48999999999995,285.77,284.59,284.73999999999995,2088
2026-05-01T16:15:00+00:00,284.73999999999995,285.55999999999995,284.09999999999997,284.73999999999995,2390
2026-05-01T16:30:00+00:00,284.73999999999995,284.9,283.73999999999995,283.73999999999995,2122
2026-05-01T16:45:00+00:00,283.73999999999995,284.39,283.15999999999997,283.9,1922
2026-05-01T17:00:00+00:00,283.9,284.28999999999996,283.24999999999994,283.41999999999996,1685
2026-05-01T17:15:00+00:00,283.41999999999996,283.88,283.18999999999994,283.58,1547
2026-05-01T17:30:00+00:00,283.58,283.60999999999996,282.82,282.89,1566
2026-05-01T17:45:00+00:00,282.89,283.15,282.18999999999994,282.26,1661
2026-05-01T18:00:00+00:00,282.26,282.34,281.41999999999996,281.46999999999997,1929
2026-05-01T18:15:00+00:00,281.46999999999997,282.15999999999997,281.46999999999997,281.97999999999996,1948
2026-05-01T18:30:00+00:00,281.97999999999996,282.02,280.93999999999994,281.54999999999995,1859
2026-05-01T18:45:00+00:00,281.54999999999995,281.76,280.97999999999996,281.21999999999997,1365
2026-05-01T19:00:00+00:00,281.21999999999997,281.67999999999995,281.05999999999995,281.54999999999995,1762
2026-05-01T19:15:00+00:00,281.54999999999995,281.63,280.52,281.11999999999995,2019
2026-05-01T19:30:00+00:00,281.11999999999995,281.42999999999995,280.63,281.02,2188
2026-05-01T19:45:00+00:00,281.02,281.47999999999996,280.40999999999997,280.85999999999996,3689
2026-05-04T13:30:00+00:00,280.85999999999996,281.27,276.92999999999995,277.58,4291
2026-05-04T13:45:00+00:00,277.58,278.45,276.2,276.21999999999997,4020
2026-05-04T14:00:00+00:00,276.21999999999997,276.91999999999996,275.65,276.9,3365
2026-05-04T14:15:00+00:00,276.9,277.23999999999995,276.48999999999995,277.04999999999995,2557
2026-05-04T14:30:00+00:00,277.04999999999995,278.61999999999995,276.85999999999996,278.49999999999994,2861
2026-05-04T14:45:00+00:00,278.49999999999994,278.77,277.89,278.08,2357
2026-05-04T15:00:00+00:00,278.08,278.64,277.78999999999996,278.29999999999995,2574
2026-05-04T15:15:00+00:00,278.29999999999995,278.43999999999994,277.46,277.57,3230
2026-05-04T15:30:00+00:00,277.57,278.13,277.23999999999995,277.98999999999995,2393
2026-05-04T15:45:00+00:00,277.98999999999995,278.03999999999996,277.43999999999994,277.64,2415
2026-05-04T16:00:00+00:00,277.64,277.66999999999996,276.2,276.71,2757
2026-05-04T16:15:00+00:00,276.71,277.03,276.30999999999995,276.88,2359
2026-05-04T16:30:00+00:00,276.88,277.85999999999996,276.76,277.67999999999995,1667
2026-05-04T16:45:00+00:00,277.67999999999995,277.78999999999996,277.10999999999996,277.59,1617
2026-05-04T17:00:00+00:00,277.59,277.89,277.54999999999995,277.65999999999997,1446
2026-05-04T17:15:00+00:00,277.65999999999997,278.13,277.55999999999995,277.83,1460
2026-05-04T17:30:00+00:00,277.83,278.05999999999995,277.58,277.80999999999995,1232
2026-05-04T17:45:00+00:00,277.80999999999995,278.08,277.48999999999995,277.84999999999997,1086
2026-05-04T18:00:00+00:00,277.84999999999997,278.2,277.74999999999994,277.74999999999994,1037
2026-05-04T18:15:00+00:00,277.74999999999994,277.80999999999995,277.40999999999997,277.53,1220
2026-05-04T18:30:00+00:00,277.53,277.72999999999996,277.14,277.16999999999996,1036
2026-05-04T18:45:00+00:00,277.16999999999996,277.54999999999995,277.03999999999996,277.45,1056
2026-05-04T19:00:00+00:00,277.45,277.83,277.24999999999994,277.80999999999995,1526
2026-05-04T19:15:00+00:00,277.80999999999995,278.45,277.68999999999994,277.88,1663
2026-05-04T19:30:00+00:00,277.88,278.09999999999997,277.78999999999996,277.83,1217
2026-05-04T19:45:00+00:00,277.83,277.95,277.26,277.68999999999994,2570
2026-05-05T13:30:00+00:00,277.68999999999994,280.72999999999996,277.30999999999995,279.41999999999996,3856
2026-05-05T13:45:00+00:00,279.41999999999996,280.51,279.30999999999995,280.27,3346
2026-05-05T14:00:00+00:00,280.27,280.99999999999994,280.10999999999996,280.35999999999996,2848
2026-05-05T14:15:00+00:00,280.35999999999996,282.13,279.60999999999996,281.96,3535
2026-05-05T14:30:00+00:00,281.96,283.98999999999995,281.95,282.86999999999995,3573
2026-05-05T14:45:00+00:00,282.86999999999995,282.95,280.68999999999994,281.17999999999995,2906
2026-05-05T15:00:00+00:00,281.17999999999995,281.77,280.80999999999995,281.10999999999996,2458
2026-05-05T15:15:00+00:00,281.10999999999996,281.35999999999996,280.48999999999995,281.01,1898
2026-05-05T15:30:00+00:00,281.01,281.10999999999996,280.61999999999995,280.73999999999995,1356
2026-05-05T15:45:00+00:00,280.73999999999995,281.03999999999996,280.61999999999995,280.96,1135
2026-05-05T16:00:00+00:00,280.96,281.71999999999997,280.78999999999996,281.59999999999997,1139
2026-05-05T16:15:00+00:00,281.59999999999997,282.34,281.59,282.16999999999996,1545
2026-05-05T16:30:00+00:00,282.16999999999996,283.21999999999997,282.09,283.02,1767
2026-05-05T16:45:00+00:00,283.02,283.46,282.85999999999996,283.28,1483
2026-05-05T17:00:00+00:00,283.28,283.58,282.45,282.59999999999997,1255
2026-05-05T17:15:00+00:00,282.59999999999997,285.29999999999995,282.48999999999995,283.59999999999997,2222
2026-05-05T17:30:00+00:00,283.59999999999997,283.72999999999996,283.14,283.27,1231
2026-05-05T17:45:00+00:00,283.27,284.13,283.23999999999995,284.09999999999997,1350
2026-05-05T18:00:00+00:00,284.09999999999997,284.93999999999994,284.02,284.59,1316
2026-05-05T18:15:00+00:00,284.59,285.04999999999995,284.35999999999996,285.03,1216
2026-05-05T18:30:00+00:00,285.03,285.03999999999996,284.18999999999994,284.40999999999997,1110
2026-05-05T18:45:00+00:00,284.40999999999997,284.89,284.29999999999995,284.46,1101
2026-05-05T19:00:00+00:00,284.46,285.14,284.46,284.92999999999995,1128
2026-05-05T19:15:00+00:00,284.92999999999995,285.23999999999995,284.68999999999994,284.97999999999996,1242
2026-05-05T19:30:00+00:00,284.97999999999996,285.10999999999996,284.63,284.96,1458
2026-05-05T19:45:00+00:00,284.96,285.09999999999997,284.16999999999996,284.97999999999996,3171
2026-05-06T13:30:00+00:00,284.97999999999996,284.97999999999996,281.84999999999997,283.59999999999997,4223
2026-05-06T13:45:00+00:00,283.59999999999997,286.99999999999994,283.30999999999995,286.84999999999997,4736
2026-05-06T14:00:00+00:00,286.84999999999997,287.4,286.30999999999995,287.13,3722
2026-05-06T14:15:00+00:00,287.13,287.48999999999995,286.30999999999995,286.85999999999996,3008
2026-05-06T14:30:00+00:00,286.85999999999996,287.11999999999995,285.79999999999995,285.82,3426
2026-05-06T14:45:00+00:00,285.82,285.95,285.36999999999995,285.66999999999996,2890.0980799169693
2026-05-06T15:00:00+00:00,285.66999999999996,286.21999999999997,284.69,285.02,2658
2026-05-06T15:15:00+00:00,285.02,285.60999999999996,284.89,285.46999999999997,2483
2026-05-06T15:30:00+00:00,285.46999999999997,286.52,285.45,286.2,2452
2026-05-06T15:45:00+00:00,286.2,286.84999999999997,285.78999999999996,286.38,2010
2026-05-06T16:00:00+00:00,286.38,286.56,286.03999999999996,286.14,1510
2026-05-06T16:15:00+00:00,286.14,287.2,286.06,287.03,1771
2026-05-06T16:30:00+00:00,287.03,287.47999999999996,286.69,287.41999999999996,1105
2026-05-06T16:45:00+00:00,287.41999999999996,287.95,286.53999999999996,287.02,1702
2026-05-06T17:00:00+00:00,287.02,287.63,286.59,287.58,1696
2026-05-06T17:15:00+00:00,287.58,287.84999999999997,287.48999999999995,287.57,1118
2026-05-06T17:30:00+00:00,287.57,287.95,287.44,287.53999999999996,1092
2026-05-06T17:45:00+00:00,287.53999999999996,288.59999999999997,287.43,288.5,1321
2026-05-06T18:00:00+00:00,288.5,288.68,287.53999999999996,287.83,1184
2026-05-06T18:15:00+00:00,287.83,288.43,287.60999999999996,288.02,961
2026-05-06T18:30:00+00:00,288.02,288.06,287.53,287.90999999999997,1081
2026-05-06T18:45:00+00:00,287.90999999999997,288.2,287.48999999999995,288.12,1032
2026-05-06T19:00:00+00:00,288.12,288.47999999999996,288.01,288.44,1224
2026-05-06T19:15:00+00:00,288.44,288.72999999999996,288.27,288.59999999999997,1148
2026-05-06T19:30:00+00:00,288.59999999999997,288.59999999999997,288.04999999999995,288.08,1148
2026-05-06T19:45:00+00:00,288.08,288.71999999999997,287.85999999999996,288.37,2661
2026-05-07T13:30:00+00:00,288.37,291.10999999999996,288.37,290.26,3318
2026-05-07T13:45:00+00:00,290.26,291.87,289.66999999999996,291.81,2750
2026-05-07T14:00:00+00:00,291.81,292.93,291.12,291.15999999999997,3796
2026-05-07T14:15:00+00:00,291.15999999999997,291.94,290.57,291.28999999999996,2888
2026-05-07T14:30:00+00:00,291.28999999999996,291.65999999999997,290.73999999999995,291.52,2325
2026-05-07T14:45:00+00:00,291.52,291.94,290.91999999999996,291.75,1962
2026-05-07T15:00:00+00:00,291.75,292.03999999999996,291.21999999999997,291.84,2017
2026-05-07T15:15:00+00:00,291.84,292.2,291,291,1880
2026-05-07T15:30:00+00:00,291,291.56,290.45,290.69,1977
2026-05-07T15:45:00+00:00,290.69,290.85999999999996,289.96,290.10999999999996,1958
2026-05-07T16:00:00+00:00,290.10999999999996,290.45,289.62,290.33,2441
2026-05-07T16:15:00+00:00,290.33,290.52,289.98999999999995,290.25,2469
2026-05-07T16:30:00+00:00,290.25,290.48999999999995,289.71999999999997,290.08,1700
2026-05-07T16:45:00+00:00,290.08,290.15,289.07,289.46,1776
2026-05-07T17:00:00+00:00,289.46,290.15,289.29999999999995,290.06,1855
2026-05-07T17:15:00+00:00,290.06,290.34999999999997,289.31,289.54999999999995,2653
2026-05-07T17:30:00+00:00,289.54999999999995,289.84999999999997,289.35999999999996,289.59999999999997,2020
2026-05-07T17:45:00+00:00,289.59999999999997,289.98999999999995,288.76,289.90999999999997,1892
2026-05-07T18:00:00+00:00,289.90999999999997,290.08,289.53999999999996,289.66999999999996,1538
2026-05-07T18:15:00+00:00,289.66999999999996,290.54999999999995,289.09,289.09,1467
2026-05-07T18:30:00+00:00,289.09,289.15999999999997,288.19,288.29999999999995,1737
2026-05-07T18:45:00+00:00,288.29999999999995,288.34999999999997,287.68,288.25,2151
2026-05-07T19:00:00+00:00,288.25,288.26,286.62,287.18,2621
2026-05-07T19:15:00+00:00,287.18,287.7,287,287.53,2304
2026-05-07T19:30:00+00:00,287.53,288.13,287.34999999999997,287.71999999999997,1758
2026-05-07T19:45:00+00:00,287.71999999999997,288.40999999999997,287.12,288.34,3141
2026-05-08T13:30:00+00:00,288.34,294.47999999999996,288.34,294.16999999999996,3934
2026-05-08T13:45:00+00:00,294.16999999999996,295.34999999999997,294.01,294.76,3403
2026-05-08T14:00:00+00:00,294.76,294.76,293.35999999999996,294.09999999999997,3230
2026-05-08T14:15:00+00:00,294.09999999999997,294.78999999999996,293.56,294.62,2782
2026-05-08T14:30:00+00:00,294.62,295.29999999999995,294.51,295.18,2492
2026-05-08T14:45:00+00:00,295.18,295.59999999999997,294.21999999999997,294.41999999999996,2862.6328269203464
2026-05-08T15:00:00+00:00,294.41999999999996,295.12999999999994,293.87999999999994,293.93999999999994,2110
2026-05-08T15:15:00+00:00,293.93999999999994,294.2699999999999,293.2799999999999,293.68999999999994,2004
2026-05-08T15:30:00+00:00,293.68999999999994,293.88999999999993,293.28999999999996,293.53999999999996,1706
2026-05-08T15:45:00+00:00,293.53999999999996,293.87999999999994,293.05999999999995,293.13999999999993,1588
2026-05-08T16:00:00+00:00,293.13999999999993,293.73999999999995,293.11999999999995,293.73999999999995,1192
2026-05-08T16:15:00+00:00,293.73999999999995,293.79999999999995,293.3299999999999,293.62999999999994,1135
2026-05-08T16:30:00+00:00,293.62999999999994,293.65999999999997,292.80999999999995,292.8299999999999,1490
2026-05-08T16:45:00+00:00,292.8299999999999,293.22999999999996,292.74999999999994,292.9599999999999,1590
2026-05-08T17:00:00+00:00,292.9599999999999,293.4599999999999,292.68999999999994,293.3999999999999,1522
2026-05-08T17:15:00+00:00,293.3999999999999,293.44999999999993,292.62999999999994,292.97999999999996,1188
2026-05-08T17:30:00+00:00,292.97999999999996,293.50999999999993,292.92999999999995,293.1499999999999,1142
2026-05-08T17:45:00+00:00,293.1499999999999,293.35999999999996,293.00999999999993,293.00999999999993,1005
2026-05-08T18:00:00+00:00,293.00999999999993,293.61999999999995,292.8999999999999,293.48999999999995,1356
2026-05-08T18:15:00+00:00,293.48999999999995,293.74999999999994,293.30999999999995,293.5799999999999,974
2026-05-08T18:30:00+00:00,293.5799999999999,293.8299999999999,293.46999999999997,293.49999999999994,918
2026-05-08T18:45:00+00:00,293.49999999999994,293.80999999999995,293.2699999999999,293.7699999999999,1387
2026-05-08T19:00:00+00:00,293.7699999999999,293.93999999999994,293.42999999999995,293.84999999999997,1504
2026-05-08T19:15:00+00:00,293.84999999999997,294.47999999999996,293.74999999999994,294.28999999999996,1532
2026-05-08T19:30:00+00:00,294.28999999999996,294.74999999999994,294.13999999999993,294.5899999999999,1429
2026-05-08T19:45:00+00:00,294.5899999999999,295.12999999999994,293.88999999999993,294.0199999999999,2845
2026-05-11T13:30:00+00:00,294.0199999999999,294.0199999999999,291.16999999999996,291.19999999999993,3669
2026-05-11T13:45:00+00:00,291.19999999999993,292.61999999999995,291.09999999999997,292.44999999999993,3344
2026-05-11T14:00:00+00:00,292.44999999999993,293.2799999999999,292.1499999999999,293.13999999999993,2858
2026-05-11T14:15:00+00:00,293.13999999999993,294.0299999999999,292.79999999999995,292.87999999999994,2360
2026-05-11T14:30:00+00:00,292.87999999999994,293.54999999999995,292.63999999999993,293.3999999999999,2464
2026-05-11T14:45:00+00:00,293.3999999999999,293.94999999999993,293.24999999999994,293.36999999999995,2044
2026-05-11T15:00:00+00:00,293.36999999999995,294.23999999999995,293.12999999999994,293.92999999999995,1960
2026-05-11T15:15:00+00:00,293.92999999999995,294.44999999999993,293.73999999999995,294.21999999999997,1710
2026-05-11T15:30:00+00:00,294.21999999999997,294.72999999999996,293.78999999999996,294.0299999999999,1458
2026-05-11T15:45:00+00:00,294.0299999999999,294.22999999999996,293.31999999999994,293.3999999999999,1584
2026-05-11T16:00:00+00:00,293.3999999999999,293.3999999999999,292.68999999999994,293.00999999999993,1150
2026-05-11T16:15:00+00:00,293.00999999999993,293.3299999999999,292.93999999999994,293.29999999999995,969
2026-05-11T16:30:00+00:00,293.29999999999995,293.56999999999994,292.42999999999995,292.47999999999996,1371
2026-05-11T16:45:00+00:00,292.47999999999996,292.50999999999993,291.47999999999996,291.67999999999995,1340
2026-05-11T17:00:00+00:00,291.67999999999995,292.48999999999995,291.5299999999999,292.21999999999997,1357
2026-05-11T17:15:00+00:00,292.21999999999997,292.88999999999993,292.13999999999993,292.81999999999994,1131
2026-05-11T17:30:00+00:00,292.81999999999994,292.87999999999994,292.59999999999997,292.81999999999994,938
2026-05-11T17:45:00+00:00,292.81999999999994,293.04999999999995,292.6499999999999,292.93999999999994,757
2026-05-11T18:00:00+00:00,292.93999999999994,293.84999999999997,292.91999999999996,293.41999999999996,1113
2026-05-11T18:15:00+00:00,293.41999999999996,293.43999999999994,292.59999999999997,292.59999999999997,1054
2026-05-11T18:30:00+00:00,292.59999999999997,292.80999999999995,292.42999999999995,292.53999999999996,936
2026-05-11T18:45:00+00:00,292.53999999999996,292.66999999999996,292.0199999999999,292.24999999999994,1155
2026-05-11T19:00:00+00:00,292.24999999999994,292.54999999999995,291.79999999999995,292.40999999999997,1496
2026-05-11T19:15:00+00:00,292.40999999999997,293.0799999999999,291.72999999999996,293.04999999999995,1661
2026-05-11T19:30:00+00:00,293.04999999999995,293.34999999999997,292.66999999999996,292.88999999999993,1639
2026-05-11T19:45:00+00:00,292.88999999999993,293.72999999999996,292.81999999999994,293.7099999999999,2606
2026-05-12T13:30:00+00:00,293.7099999999999,294.71999999999997,293.43999999999994,294.3999999999999,3814
2026-05-12T13:45:00+00:00,294.3999999999999,295.0199999999999,293.62999999999994,294.88999999999993,3673
2026-05-12T14:00:00+00:00,294.88999999999993,295.2699999999999,293.99999999999994,295.25999999999993,3866
2026-05-12T14:15:00+00:00,295.25999999999993,295.66999999999996,294.49999999999994,294.7799999999999,2795
2026-05-12T14:30:00+00:00,294.7799999999999,295.5899999999999,294.12999999999994,295.55999999999995,3162
2026-05-12T14:45:00+00:00,295.55999999999995,295.71999999999997,294.80999999999995,295.71999999999997,2319
2026-05-12T15:00:00+00:00,295.71999999999997,295.7799999999999,294.68999999999994,294.74999999999994,2643
2026-05-12T15:15:00+00:00,294.74999999999994,295.2799999999999,294.63999999999993,295.2099999999999,2922
2026-05-12T15:30:00+00:00,295.2099999999999,295.2799999999999,294.2799999999999,295.0199999999999,2284
2026-05-12T15:45:00+00:00,295.0199999999999,295.3399999999999,294.48999999999995,295.3399999999999,2095
2026-05-12T16:00:00+00:00,295.3399999999999,295.6499999999999,294.56999999999994,294.68999999999994,1783
2026-05-12T16:15:00+00:00,294.68999999999994,295.12999999999994,294.44999999999993,294.7799999999999,1443
2026-05-12T16:30:00+00:00,294.7799999999999,295.46999999999997,294.6499999999999,295.09999999999997,1593
2026-05-12T16:45:00+00:00,295.09999999999997,295.18999999999994,294.37999999999994,294.7699999999999,2003
2026-05-12T17:00:00+00:00,294.7699999999999,295.43999999999994,294.49999999999994,294.98999999999995,1647
2026-05-12T17:15:00+00:00,294.98999999999995,295.03999999999996,294.22999999999996,294.74999999999994,1572
2026-05-12T17:30:00+00:00,294.74999999999994,295.22999999999996,294.54999999999995,295.15999999999997,1470
2026-05-12T17:45:00+00:00,295.15999999999997,295.31999999999994,294.8299999999999,295.16999999999996,1138
2026-05-12T18:00:00+00:00,295.16999999999996,295.22999999999996,294.8399999999999,294.91999999999996,1094
2026-05-12T18:15:00+00:00,294.91999999999996,295.5299999999999,294.7099999999999,295.49999999999994,1117
2026-05-12T18:30:00+00:00,295.49999999999994,295.49999999999994,294.92999999999995,295.23999999999995,1152
2026-05-12T18:45:00+00:00,295.23999999999995,295.40999999999997,294.87999999999994,295.29999999999995,1258
2026-05-12T19:00:00+00:00,295.29999999999995,295.50999999999993,295.05999999999995,295.47999999999996,1461
2026-05-12T19:15:00+00:00,295.47999999999996,295.78999999999996,295.17999999999995,295.68999999999994,1174
2026-05-12T19:30:00+00:00,295.68999999999994,295.7699999999999,295.2099999999999,295.50999999999993,1426
2026-05-12T19:45:00+00:00,295.50999999999993,296.09999999999997,295.16999999999996,295.81999999999994,2528
2026-05-13T13:30:00+00:00,295.81999999999994,298.38999999999993,294.19999999999993,297.7799999999999,4516
2026-05-13T13:45:00+00:00,297.7799999999999,297.88999999999993,296.23999999999995,296.25999999999993,4329
2026-05-13T14:00:00+00:00,296.25999999999993,296.94999999999993,295.97999999999996,296.43999999999994,3343
2026-05-13T14:15:00+00:00,296.43999999999994,296.93999999999994,295.97999999999996,296.0299999999999,2915
2026-05-13T14:30:00+00:00,296.0299999999999,297.22999999999996,296.00999999999993,297.21999999999997,2205
2026-05-13T14:45:00+00:00,297.21999999999997,297.55999999999995,297.00999999999993,297.3699999999999,1982.6025430067316
2026-05-13T15:00:00+00:00,297.3699999999999,297.6999999999999,297.0899999999999,297.6499999999999,1769
2026-05-13T15:15:00+00:00,297.6499999999999,298.1099999999999,297.3699999999999,297.8099999999999,1564
2026-05-13T15:30:00+00:00,297.8099999999999,298.8499999999999,297.6399999999999,298.32999999999987,1927
2026-05-13T15:45:00+00:00,298.32999999999987,298.3599999999999,297.57999999999987,297.7399999999999,1464
2026-05-13T16:00:00+00:00,297.7399999999999,297.9199999999999,297.6199999999999,297.7899999999999,1218
2026-05-13T16:15:00+00:00,297.7899999999999,299.4099999999999,297.7199999999999,299.26999999999987,1444
2026-05-13T16:30:00+00:00,299.26999999999987,300.2799999999999,299.1699999999999,300.1099999999999,1774
2026-05-13T16:45:00+00:00,300.1099999999999,300.2499999999999,299.6499999999999,299.9999999999999,1503
2026-05-13T17:00:00+00:00,299.9999999999999,300.7399999999999,299.9599999999999,300.3799999999999,1498
2026-05-13T17:15:00+00:00,300.3799999999999,301.2099999999999,300.0399999999999,300.9899999999999,2039
2026-05-13T17:30:00+00:00,300.9899999999999,301.57999999999987,300.8699999999999,301.3899999999999,1888
2026-05-13T17:45:00+00:00,301.3899999999999,301.7799999999999,300.7099999999999,301.0099999999999,1454
2026-05-13T18:00:00+00:00,301.0099999999999,301.1099999999999,300.6699999999999,301.0099999999999,1419
2026-05-13T18:15:00+00:00,301.0099999999999,301.32999999999987,300.5699999999999,300.5999999999999,1483
2026-05-13T18:30:00+00:00,300.5999999999999,300.5999999999999,300.07999999999987,300.1899999999999,1173
2026-05-13T18:45:00+00:00,300.1899999999999,300.51999999999987,300.07999999999987,300.2599999999999,1288
2026-05-13T19:00:00+00:00,300.2599999999999,300.3999999999999,299.6999999999999,299.8899999999999,1545
2026-05-13T19:15:00+00:00,299.8899999999999,300.0399999999999,299.4599999999999,300.01999999999987,1465
2026-05-13T19:30:00+00:00,300.01999999999987,300.3199999999999,299.6999999999999,300.3199999999999,1482
2026-05-13T19:45:00+00:00,300.3199999999999,300.3499999999999,299.6399999999999,299.8199999999999,3153
2026-05-14T13:30:00+00:00,299.8199999999999,301.1299999999999,298.0299999999999,298.4199999999999,3679
2026-05-14T13:45:00+00:00,298.4199999999999,299.4899999999999,298.1699999999999,298.1899999999999,3544
2026-05-14T14:00:00+00:00,298.1899999999999,299.3699999999999,297.9599999999999,299.2099999999999,3033
2026-05-14T14:15:00+00:00,299.2099999999999,299.6499999999999,298.7899999999999,298.7999999999999,2538
2026-05-14T14:30:00+00:00,298.7999999999999,299.3099999999999,298.4199999999999,299.26999999999987,2302
2026-05-14T14:45:00+00:00,299.26999999999987,299.7499999999999,299.1199999999999,299.4899999999999,2293
2026-05-14T15:00:00+00:00,299.4899999999999,300.0499999999999,298.5699999999999,299.8799999999999,2237
2026-05-14T15:15:00+00:00,299.8799999999999,300.3399999999999,299.8199999999999,299.9199999999999,1655
2026-05-14T15:30:00+00:00,299.9199999999999,300.2399999999999,299.6199999999999,300.0099999999999,1727
2026-05-14T15:45:00+00:00,300.0099999999999,300.2099999999999,299.6199999999999,300.0299999999999,1347
2026-05-14T16:00:00+00:00,300.0299999999999,300.0399999999999,299.4399999999999,299.4799999999999,1177
2026-05-14T16:15:00+00:00,299.4799999999999,299.8999999999999,299.1199999999999,299.1799999999999,1167
2026-05-14T16:30:00+00:00,299.1799999999999,299.3899999999999,298.8499999999999,298.9899999999999,1447
2026-05-14T16:45:00+00:00,298.9899999999999,298.9899999999999,296.2599999999999,298.4599999999999,3063
2026-05-14T17:00:00+00:00,298.4599999999999,298.8399999999999,298.2799999999999,298.4899999999999,1614
2026-05-14T17:15:00+00:00,298.4899999999999,299.2899999999999,298.1999999999999,299.2599999999999,2355
2026-05-14T17:30:00+00:00,299.2599999999999,299.4899999999999,298.7599999999999,299.0899999999999,1677
2026-05-14T17:45:00+00:00,299.0899999999999,299.3899999999999,298.9599999999999,299.0499999999999,1188
2026-05-14T18:00:00+00:00,299.0499999999999,299.2299999999999,298.3899999999999,299.2099999999999,1363
2026-05-14T18:15:00+00:00,299.2099999999999,299.3399999999999,299.0499999999999,299.1899999999999,1040
2026-05-14T18:30:00+00:00,299.1899999999999,299.3999999999999,299.0899999999999,299.1399999999999,868
2026-05-14T18:45:00+00:00,299.1399999999999,299.6399999999999,299.0899999999999,299.4199999999999,839
2026-05-14T19:00:00+00:00,299.4199999999999,299.8199999999999,299.3399999999999,299.7199999999999,1084
2026-05-14T19:15:00+00:00,299.7199999999999,300.0699999999999,299.6399999999999,299.9399999999999,1092
2026-05-14T19:30:00+00:00,299.9399999999999,299.9499999999999,299.4999999999999,299.5699999999999,1322
2026-05-14T19:45:00+00:00,299.5699999999999,299.57999999999987,298.6999999999999,299.0299999999999,2126
2026-05-15T13:30:00+00:00,299.0299999999999,299.2899999999999,297.3799999999999,298.0499999999999,3357
2026-05-15T13:45:00+00:00,298.0499999999999,299.5099999999999,297.5299999999999,298.9299999999999,3555
2026-05-15T14:00:00+00:00,298.9299999999999,299.9699999999999,298.3799999999999,299.8599999999999,3196
2026-05-15T14:15:00+00:00,299.8599999999999,300.6599999999999,299.76999999999987,300.0999999999999,2914
2026-05-15T14:30:00+00:00,300.0999999999999,301.8599999999999,300.0499999999999,301.6799999999999,2733
2026-05-15T14:45:00+00:00,301.6799999999999,302.0999999999999,301.01999999999987,301.7799999999999,2930
2026-05-15T15:00:00+00:00,301.7799999999999,303.1699999999999,301.7799999999999,302.7899999999999,2867
2026-05-15T15:15:00+00:00,302.7899999999999,303.6299999999999,302.6099999999999,302.7799999999999,2658
2026-05-15T15:30:00+00:00,302.7799999999999,303.4399999999999,302.2299999999999,302.2499999999999,2426
2026-05-15T15:45:00+00:00,302.2499999999999,302.4399999999999,301.4899999999999,301.9199999999999,2255
2026-05-15T16:00:00+00:00,301.9199999999999,302.32999999999987,301.7099999999999,302.01999999999987,1904
2026-05-15T16:15:00+00:00,302.01999999999987,302.7899999999999,301.6099999999999,302.6299999999999,1644
2026-05-15T16:30:00+00:00,302.6299999999999,303.01999999999987,302.2999999999999,302.76999999999987,1621
2026-05-15T16:45:00+00:00,302.76999999999987,303.4599999999999,302.6199999999999,302.8599999999999,1818
2026-05-15T17:00:00+00:00,302.8599999999999,303.5499999999999,302.6199999999999,303.4799999999999,1336
2026-05-15T17:15:00+00:00,303.4799999999999,304.07999999999987,303.1999999999999,303.9199999999999,1636
2026-05-15T17:30:00+00:00,303.9199999999999,303.9799999999999,303.2299999999999,303.3199999999999,1423
2026-05-15T17:45:00+00:00,303.3199999999999,303.4199999999999,302.9699999999999,303.1099999999999,1014
2026-05-15T18:00:00+00:00,303.1099999999999,303.3399999999999,302.6999999999999,302.7599999999999,1292
2026-05-15T18:15:00+00:00,302.7599999999999,302.7599999999999,301.9699999999999,302.1299999999999,1322
2026-05-15T18:30:00+00:00,302.1299999999999,302.1699999999999,301.3799999999999,302.0899999999999,1438
2026-05-15T18:45:00+00:00,302.0899999999999,302.57999999999987,301.9199999999999,302.5399999999999,1144
2026-05-15T19:00:00+00:00,302.5399999999999,302.6199999999999,301.5699999999999,301.6999999999999,1526
2026-05-15T19:15:00+00:00,301.6999999999999,301.6999999999999,300.7299999999999,301.1299999999999,1603
2026-05-15T19:30:00+00:00,301.1299999999999,301.32999999999987,300.6599999999999,300.7499999999999,1680
2026-05-15T19:45:00+00:00,300.7499999999999,301.51999999999987,300.4899999999999,301.1199999999999,3539
2026-05-18T13:30:00+00:00,301.1199999999999,301.3999999999999,298.1499999999999,299.9299999999999,3806
2026-05-18T13:45:00+00:00,299.9299999999999,300.01999999999987,298.3899999999999,298.9299999999999,4225
2026-05-18T14:00:00+00:00,298.9299999999999,299.3399999999999,297.5299999999999,298.9899999999999,4164
2026-05-18T14:15:00+00:00,298.9899999999999,299.0999999999999,298.1699999999999,298.9499999999999,3044
2026-05-18T14:30:00+00:00,298.9499999999999,299.3399999999999,297.6699999999999,298.7099999999999,5480
2026-05-18T14:45:00+00:00,298.7099999999999,299.4099999999999,298.4199999999999,299.07999999999987,4914
2026-05-18T15:00:00+00:00,299.07999999999987,299.0999999999999,297.3199999999999,297.51999999999987,4444
2026-05-18T15:15:00+00:00,297.51999999999987,297.5999999999999,296.3199999999999,296.3399999999999,3970
2026-05-18T15:30:00+00:00,296.3399999999999,297.2399999999999,296.1799999999999,296.57999999999987,3910
2026-05-18T15:45:00+00:00,296.57999999999987,297.0599999999999,296.1399999999999,296.6999999999999,3500
2026-05-18T16:00:00+00:00,296.6999999999999,297.1599999999999,296.4899999999999,297.1299999999999,3170
2026-05-18T16:15:00+00:00,297.1299999999999,297.6499999999999,295.8799999999999,296.0999999999999,3662
2026-05-18T16:30:00+00:00,296.0999999999999,296.6099999999999,295.76999999999987,296.2099999999999,4096
2026-05-18T16:45:00+00:00,296.2099999999999,296.9999999999999,295.9799999999999,296.7499999999999,3090
2026-05-18T17:00:00+00:00,296.7499999999999,296.8199999999999,296.3199999999999,296.4699999999999,3124
2026-05-18T17:15:00+00:00,296.4699999999999,297.3899999999999,296.4299999999999,297.0499999999999,2762
2026-05-18T17:30:00+00:00,297.0499999999999,297.2299999999999,296.6699999999999,297.0999999999999,2838
2026-05-18T17:45:00+00:00,297.0999999999999,297.3699999999999,296.8599999999999,297.1499999999999,2503
2026-05-18T18:00:00+00:00,297.1499999999999,297.5399999999999,296.8799999999999,297.0499999999999,3009
2026-05-18T18:15:00+00:00,297.0499999999999,297.07999999999987,296.3799999999999,296.9099999999999,3585
2026-05-18T18:30:00+00:00,296.9099999999999,297.2399999999999,296.3699999999999,296.4399999999999,3269
2026-05-18T18:45:00+00:00,296.4399999999999,296.82999999999987,296.3199999999999,296.7999999999999,3487
2026-05-18T19:00:00+00:00,296.7999999999999,298.57999999999987,296.6299999999999,297.3699999999999,3967
2026-05-18T19:15:00+00:00,297.3699999999999,298.01999999999987,297.3699999999999,297.9499999999999,3440
2026-05-18T19:30:00+00:00,297.9499999999999,298.57999999999987,297.7599999999999,298.4799999999999,3327
2026-05-18T19:45:00+00:00,298.4799999999999,298.7899999999999,297.8799999999999,298.7899999999999,4527
2026-05-19T13:30:00+00:00,298.7899999999999,301.2099999999999,297.0699999999999,300.8099999999999,4250
2026-05-19T13:45:00+00:00,300.8099999999999,301.3199999999999,299.8199999999999,299.8799999999999,3980
2026-05-19T14:00:00+00:00,299.8799999999999,299.9699999999999,298.3999999999999,298.4499999999999,4151
2026-05-19T14:15:00+00:00,298.4499999999999,298.8099999999999,297.6899999999999,297.76999999999987,4881
2026-05-19T14:30:00+00:00,297.76999999999987,298.0999999999999,297.3899999999999,298.0999999999999,4232
2026-05-19T14:45:00+00:00,298.0999999999999,298.3899999999999,297.4299999999999,298.3599999999999,3706
2026-05-19T15:00:00+00:00,298.3599999999999,298.6099999999999,297.9899999999999,298.0999999999999,3350
2026-05-19T15:15:00+00:00,298.0999999999999,298.3699999999999,297.8199999999999,297.9399999999999,2841
2026-05-19T15:30:00+00:00,297.9399999999999,298.4299999999999,297.7199999999999,298.0399999999999,2928
2026-05-19T15:45:00+00:00,298.0399999999999,298.3199999999999,298.01999999999987,298.1099999999999,2369
2026-05-19T16:00:00+00:00,298.1099999999999,298.2499999999999,297.2199999999999,297.4099999999999,2301
2026-05-19T16:15:00+00:00,297.4099999999999,298.3499999999999,297.2999999999999,298.2799999999999,2125
2026-05-19T16:30:00+00:00,298.2799999999999,298.6299999999999,298.1999999999999,298.5299999999999,1893
2026-05-19T16:45:00+00:00,298.5299999999999,299.5899999999999,298.4999999999999,299.4499999999999,1668
2026-05-19T17:00:00+00:00,299.4499999999999,299.5999999999999,299.01999999999987,299.5499999999999,1893
2026-05-19T17:15:00+00:00,299.5499999999999,299.5899999999999,299.01999999999987,299.0999999999999,1760
2026-05-19T17:30:00+00:00,299.0999999999999,299.2399999999999,298.6299999999999,298.9499999999999,1833
2026-05-19T17:45:00+00:00,298.9499999999999,299.32999999999987,298.7999999999999,299.2299999999999,1522
2026-05-19T18:00:00+00:00,299.2299999999999,299.3099999999999,298.8799999999999,299.1099999999999,1504
2026-05-19T18:15:00+00:00,299.1099999999999,299.2599999999999,298.7399999999999,298.7499999999999,2015
2026-05-19T18:30:00+00:00,298.7499999999999,298.7599999999999,298.4299999999999,298.5899999999999,1811
2026-05-19T18:45:00+00:00,298.5899999999999,298.7299999999999,298.3399999999999,298.4899999999999,1721
2026-05-19T19:00:00+00:00,298.4899999999999,299.2399999999999,298.3699999999999,299.2399999999999,1727
2026-05-19T19:15:00+00:00,299.2399999999999,299.2999999999999,298.5399999999999,299.2499999999999,1872
2026-05-19T19:30:00+00:00,299.2499999999999,299.2799999999999,298.6799999999999,298.8699999999999,1680
2026-05-19T19:45:00+00:00,298.8699999999999,300.0899999999999,298.6699999999999,299.9599999999999,4418
2026-05-20T13:30:00+00:00,299.9599999999999,302.8099999999999,298.8999999999999,302.6699999999999,4019
2026-05-20T13:45:00+00:00,302.6699999999999,303.1899999999999,300.76999999999987,301.0499999999999,3771
2026-05-20T14:00:00+00:00,301.0499999999999,301.1199999999999,300.0599999999999,300.3499999999999,3912
2026-05-20T14:15:00+00:00,300.3499999999999,301.1899999999999,300.01999999999987,300.3199999999999,4167
2026-05-20T14:30:00+00:00,300.3199999999999,301.0399999999999,299.9399999999999,300.4799999999999,4154
2026-05-20T14:45:00+00:00,300.4799999999999,301.3199999999999,300.1899999999999,300.7899999999999,3386.9213943950786
2026-05-20T15:00:00+00:00,300.7899999999999,301.0099999999999,299.9199999999999,300.14999999999986,2623
2026-05-20T15:15:00+00:00,300.14999999999986,301.3899999999999,299.9499999999999,300.0399999999999,5349
2026-05-20T15:30:00+00:00,300.0399999999999,300.1999999999999,299.52999999999986,299.8499999999999,2704
2026-05-20T15:45:00+00:00,299.8499999999999,300.0599999999999,299.6799999999999,300.0599999999999,2018
2026-05-20T16:00:00+00:00,300.0599999999999,300.5399999999999,299.8099999999999,300.4299999999999,2055
2026-05-20T16:15:00+00:00,300.4299999999999,301.1999999999999,300.39999999999986,300.8799999999999,3191
2026-05-20T16:30:00+00:00,300.8799999999999,300.9799999999999,300.4299999999999,300.8899999999999,2710
2026-05-20T16:45:00+00:00,300.8899999999999,301.6999999999999,300.8099999999999,301.57999999999987,2686
2026-05-20T17:00:00+00:00,301.57999999999987,301.6799999999999,300.9099999999999,301.3699999999999,2593
2026-05-20T17:15:00+00:00,301.3699999999999,302.1399999999999,301.2999999999999,301.8799999999999,2339
2026-05-20T17:30:00+00:00,301.8799999999999,302.52999999999986,301.76999999999987,302.1299999999999,1761
2026-05-20T17:45:00+00:00,302.1299999999999,302.4299999999999,301.8199999999999,302.3899999999999,1308
2026-05-20T18:00:00+00:00,302.3899999999999,302.5999999999999,302.0099999999999,302.07999999999987,1946
2026-05-20T18:15:00+00:00,302.07999999999987,302.5699999999999,302.0699999999999,302.3099999999999,1997
2026-05-20T18:30:00+00:00,302.3099999999999,303.1099999999999,302.2999999999999,302.7199999999999,1566
2026-05-20T18:45:00+00:00,302.7199999999999,303.1899999999999,302.6299999999999,303.0599999999999,1649
2026-05-20T19:00:00+00:00,303.0599999999999,303.6899999999999,302.3599999999999,303.0499999999999,1815
2026-05-20T19:15:00+00:00,303.0499999999999,303.2599999999999,302.6099999999999,303.0499999999999,1612
2026-05-20T19:30:00+00:00,303.0499999999999,303.1799999999999,302.7599999999999,302.7899999999999,1838
2026-05-20T19:45:00+00:00,302.7899999999999,303.33999999999986,302.7299999999999,303.0999999999999,2513
2026-05-21T13:30:00+00:00,303.0999999999999,303.2999999999999,301.1299999999999,302.6399999999999,3677
2026-05-21T13:45:00+00:00,302.6399999999999,303.9399999999999,302.4799999999999,303.58999999999986,3596
2026-05-21T14:00:00+00:00,303.58999999999986,303.70999999999987,302.1799999999999,302.4099999999999,3238
2026-05-21T14:15:00+00:00,302.4099999999999,302.9699999999999,302.1799999999999,302.7899999999999,3576
2026-05-21T14:30:00+00:00,302.7899999999999,303.45999999999987,302.70999999999987,302.8499999999999,3566
2026-05-21T14:45:00+00:00,302.8499999999999,303.14999999999986,302.4499999999999,303.02999999999986,3309
2026-05-21T15:00:00+00:00,303.02999999999986,303.77999999999986,302.52999999999986,303.6999999999999,4147
2026-05-21T15:15:00+00:00,303.6999999999999,304.2399999999999,303.6899999999999,303.9199999999999,2887
2026-05-21T15:30:00+00:00,303.9199999999999,305.1099999999999,303.7399999999999,304.77999999999986,2992
2026-05-21T15:45:00+00:00,304.77999999999986,304.8799999999999,304.5699999999999,304.6399999999999,2125
2026-05-21T16:00:00+00:00,304.6399999999999,305.0399999999999,304.57999999999987,304.7499999999999,2291
2026-05-21T16:15:00+00:00,304.7499999999999,304.7599999999999,304.1399999999999,304.4499999999999,1791
2026-05-21T16:30:00+00:00,304.4499999999999,304.64999999999986,304.07999999999987,304.6199999999999,1605
2026-05-21T16:45:00+00:00,304.6199999999999,304.6799999999999,303.9099999999999,304.2599999999999,1590
2026-05-21T17:00:00+00:00,304.2599999999999,305.08999999999986,304.2599999999999,304.82999999999987,2939
2026-05-21T17:15:00+00:00,304.82999999999987,305.5499999999999,304.6899999999999,305.4899999999999,3790
2026-05-21T17:30:00+00:00,305.4899999999999,305.6399999999999,305.27999999999986,305.51999999999987,2034
2026-05-21T17:45:00+00:00,305.51999999999987,305.9399999999999,305.33999999999986,305.7999999999999,2190
2026-05-21T18:00:00+00:00,305.7999999999999,305.95999999999987,305.1999999999999,305.4499999999999,2563
2026-05-21T18:15:00+00:00,305.4499999999999,305.8799999999999,305.3699999999999,305.4499999999999,1813
2026-05-21T18:30:00+00:00,305.4499999999999,305.5999999999999,305.1299999999999,305.4999999999999,1819
2026-05-21T18:45:00+00:00,305.4999999999999,305.6799999999999,304.7599999999999,305.08999999999986,4100
2026-05-21T19:00:00+00:00,305.08999999999986,305.9899999999999,304.9199999999999,305.9899999999999,2336
2026-05-21T19:15:00+00:00,305.9899999999999,306.2199999999999,305.8499999999999,306.0999999999999,1704
2026-05-21T19:30:00+00:00,306.0999999999999,306.4099999999999,305.6199999999999,305.6899999999999,1684
2026-05-21T19:45:00+00:00,305.6899999999999,306.1299999999999,305.2899999999999,305.9799999999999,3003
2026-05-22T13:30:00+00:00,305.9799999999999,309.8199999999999,305.9799999999999,308.1199999999999,5091
2026-05-22T13:45:00+00:00,308.1199999999999,309.57999999999987,307.89999999999986,309.51999999999987,4217
2026-05-22T14:00:00+00:00,309.51999999999987,309.95999999999987,308.82999999999987,309.6399999999999,4054
2026-05-22T14:15:00+00:00,309.6399999999999,310.14999999999986,309.1399999999999,309.51999999999987,3615
2026-05-22T14:30:00+00:00,309.51999999999987,310.7299999999999,309.4699999999999,310.6299999999999,4399
2026-05-22T14:45:00+00:00,310.6299999999999,311.3499999999999,310.3599999999999,311.1899999999999,3449
2026-05-22T15:00:00+00:00,311.1899999999999,312.0599999999999,311.02999999999986,312.0099999999999,3433
2026-05-22T15:15:00+00:00,312.0099999999999,312.2599999999999,311.6299999999999,311.8599999999999,3469
2026-05-22T15:30:00+00:00,311.8599999999999,311.89999999999986,311.4799999999999,311.52999999999986,3166
2026-05-22T15:45:00+00:00,311.52999999999986,311.6399999999999,310.70999999999987,310.8699999999999,2747
2026-05-22T16:00:00+00:00,310.8699999999999,311.3699999999999,310.57999999999987,311.2199999999999,2728
2026-05-22T16:15:00+00:00,311.2199999999999,311.39999999999986,310.7299999999999,310.7899999999999,2807
2026-05-22T16:30:00+00:00,310.7899999999999,310.8499999999999,310.1099999999999,310.1099999999999,2494
2026-05-22T16:45:00+00:00,310.1099999999999,310.2299999999999,309.6799999999999,309.8799999999999,2277
2026-05-22T17:00:00+00:00,309.8799999999999,310.4499999999999,309.83999999999986,310.4099999999999,2708
2026-05-22T17:15:00+00:00,310.4099999999999,310.7499999999999,310.1099999999999,310.6899999999999,3402
2026-05-22T17:30:00+00:00,310.6899999999999,311.01999999999987,310.3099999999999,310.4499999999999,2996
2026-05-22T17:45:00+00:00,310.4499999999999,310.6299999999999,310.1599999999999,310.3099999999999,2427
2026-05-22T18:00:00+00:00,310.3099999999999,310.3199999999999,309.82999999999987,310.0999999999999,2174
2026-05-22T18:15:00+00:00,310.0999999999999,310.39999999999986,309.8799999999999,310.20999999999987,1779
2026-05-22T18:30:00+00:00,310.20999999999987,310.32999999999987,309.9499999999999,310.1699999999999,1895
2026-05-22T18:45:00+00:00,310.1699999999999,310.4499999999999,310.0399999999999,310.1899999999999,2122
2026-05-22T19:00:00+00:00,310.1899999999999,310.2599999999999,309.8199999999999,310.1999999999999,2373
2026-05-22T19:15:00+00:00,310.1999999999999,310.2599999999999,309.51999999999987,309.5499999999999,2156
2026-05-22T19:30:00+00:00,309.5499999999999,310.0699999999999,309.27999999999986,309.3199999999999,2138
2026-05-22T19:45:00+00:00,309.3199999999999,310.08999999999986,308.7199999999999,309.83999999999986,2981
2026-05-26T13:30:00+00:00,309.83999999999986,312.2499999999999,309.83999999999986,311.32999999999987,4151
2026-05-26T13:45:00+00:00,311.32999999999987,311.77999999999986,310.7999999999999,311.77999999999986,4600
2026-05-26T14:00:00+00:00,311.77999999999986,312.4999999999999,310.7599999999999,312.33999999999986,4064
2026-05-26T14:15:00+00:00,312.33999999999986,312.70999999999987,311.70999999999987,312.58999999999986,3508
2026-05-26T14:30:00+00:00,312.58999999999986,312.6799999999999,311.8499999999999,312.14999999999986,3374
2026-05-26T14:45:00+00:00,312.14999999999986,312.4799999999999,311.6899999999999,312.3799999999999,2576
2026-05-26T15:00:00+00:00,312.3799999999999,312.6599999999999,312.1799999999999,312.3099999999999,2893
2026-05-26T15:15:00+00:00,312.3099999999999,312.6599999999999,311.9899999999999,312.1699999999999,2569
2026-05-26T15:30:00+00:00,312.1699999999999,312.4199999999999,311.4699999999999,311.7399999999999,2852
2026-05-26T15:45:00+00:00,311.7399999999999,311.7899999999999,310.8699999999999,311.01999999999987,2947
2026-05-26T16:00:00+00:00,311.01999999999987,311.6099999999999,310.6299999999999,310.70999999999987,2820
2026-05-26T16:15:00+00:00,310.70999999999987,311.3699999999999,310.70999999999987,311.3699999999999,2105
2026-05-26T16:30:00+00:00,311.3699999999999,311.64999999999986,310.6799999999999,310.7299999999999,1944
2026-05-26T16:45:00+00:00,310.7299999999999,311.02999999999986,310.58999999999986,310.89999999999986,1848
2026-05-26T17:00:00+00:00,310.89999999999986,311.1799999999999,310.27999999999986,310.4199999999999,1654
2026-05-26T17:15:00+00:00,310.4199999999999,310.6099999999999,309.89999999999986,309.9899999999999,1544
2026-05-26T17:30:00+00:00,309.9899999999999,310.4099999999999,309.9399999999999,309.9999999999999,1356
2026-05-26T17:45:00+00:00,309.9999999999999,310.7299999999999,309.9799999999999,310.6799999999999,1264
2026-05-26T18:00:00+00:00,310.6799999999999,310.82999999999987,310.3799999999999,310.7599999999999,1217
2026-05-26T18:15:00+00:00,310.7599999999999,311.0699999999999,310.6299999999999,310.6399999999999,1270
2026-05-26T18:30:00+00:00,310.6399999999999,310.9299999999999,310.2299999999999,310.33999999999986,1351
2026-05-26T18:45:00+00:00,310.33999999999986,310.45999999999987,309.9799999999999,310.0399999999999,1390
2026-05-26T19:00:00+00:00,310.0399999999999,310.1099999999999,309.3899999999999,309.39999999999986,1774
2026-05-26T19:15:00+00:00,309.39999999999986,309.5599999999999,308.9399999999999,309.2199999999999,1723
2026-05-26T19:30:00+00:00,309.2199999999999,309.83999999999986,309.1699999999999,309.4799999999999,1679
2026-05-26T19:45:00+00:00,309.4799999999999,309.58999999999986,308.4799999999999,309.20999999999987,2781
2026-05-27T13:30:00+00:00,309.20999999999987,312.4299999999999,309.1599999999999,311.45999999999987,5599
2026-05-27T13:45:00+00:00,311.45999999999987,313.1999999999999,311.1799999999999,312.7199999999999,6053
2026-05-27T14:00:00+00:00,312.7199999999999,313.4699999999999,312.27999999999986,313.3899999999999,4267
2026-05-27T14:15:00+00:00,313.3899999999999,313.6099999999999,311.6799999999999,312.1599999999999,4281
2026-05-27T14:30:00+00:00,312.1599999999999,314.07999999999987,312.0499999999999,313.57999999999987,3770
2026-05-27T14:45:00+00:00,313.57999999999987,313.89999999999986,313.02999999999986,313.89999999999986,3120.7110776393265
2026-05-27T15:00:00+00:00,313.89999999999986,314.15999999999985,313.35999999999984,313.3799999999998,2855
2026-05-27T15:15:00+00:00,313.3799999999998,313.4399999999998,312.35999999999984,312.65999999999985,2607
2026-05-27T15:30:00+00:00,312.65999999999985,313.03999999999985,311.90999999999985,311.99999999999983,2508
2026-05-27T15:45:00+00:00,311.99999999999983,312.6899999999998,311.61999999999983,312.57999999999987,2211
2026-05-27T16:00:00+00:00,312.57999999999987,312.66999999999985,312.1399999999999,312.59999999999985,2207
2026-05-27T16:15:00+00:00,312.59999999999985,312.7599999999999,311.82999999999987,312.08999999999986,1634
2026-05-27T16:30:00+00:00,312.08999999999986,312.40999999999985,311.72999999999985,311.73999999999984,1452
2026-05-27T16:45:00+00:00,311.73999999999984,311.95999999999987,311.2599999999999,311.46999999999986,1603
2026-05-27T17:00:00+00:00,311.46999999999986,311.90999999999985,311.27999999999986,311.53999999999985,1996
2026-05-27T17:15:00+00:00,311.53999999999985,311.8899999999999,311.34999999999985,311.40999999999985,1153
2026-05-27T17:30:00+00:00,311.40999999999985,311.61999999999983,311.24999999999983,311.4499999999999,1348
2026-05-27T17:45:00+00:00,311.4499999999999,311.90999999999985,311.21999999999986,311.78999999999985,1244
2026-05-27T18:00:00+00:00,311.78999999999985,311.84999999999985,311.28999999999985,311.71999999999986,1466
2026-05-27T18:15:00+00:00,311.71999999999986,311.91999999999985,311.52999999999986,311.67999999999984,1144
2026-05-27T18:30:00+00:00,311.67999999999984,311.78999999999985,311.41999999999985,311.67999999999984,1079
2026-05-27T18:45:00+00:00,311.67999999999984,311.73999999999984,311.29999999999984,311.3899999999999,1195
2026-05-27T19:00:00+00:00,311.3899999999999,311.61999999999983,310.9399999999998,311.54999999999984,1299
2026-05-27T19:15:00+00:00,311.54999999999984,311.60999999999984,310.66999999999985,310.6899999999998,1682
2026-05-27T19:30:00+00:00,310.6899999999998,310.9499999999999,310.41999999999985,310.73999999999984,1471
2026-05-27T19:45:00+00:00,310.73999999999984,311.98999999999984,310.52999999999986,311.91999999999985,2605
2026-05-28T13:30:00+00:00,311.91999999999985,311.91999999999985,310.33999999999986,311.5699999999998,3872
2026-05-28T13:45:00+00:00,311.5699999999998,313.02999999999986,311.52999999999986,311.9499999999999,3983
2026-05-28T14:00:00+00:00,311.9499999999999,313.61999999999983,311.57999999999987,313.1899999999998,4288
2026-05-28T14:15:00+00:00,313.1899999999998,313.29999999999984,312.22999999999985,312.57999999999987,3712
2026-05-28T14:30:00+00:00,312.57999999999987,312.67999999999984,311.92999999999984,312.39999999999986,3445
2026-05-28T14:45:00+00:00,312.39999999999986,312.77999999999986,312.01999999999987,312.74999999999983,3216
2026-05-28T15:00:00+00:00,312.74999999999983,312.85999999999984,312.34999999999985,312.70999999999987,2446
2026-05-28T15:15:00+00:00,312.70999999999987,312.83999999999986,312.42999999999984,312.71999999999986,1650
2026-05-28T15:30:00+00:00,312.71999999999986,312.86999999999983,311.85999999999984,312.10999999999984,2413
2026-05-28T15:45:00+00:00,312.10999999999984,312.27999999999986,311.28999999999985,311.52999999999986,2665
2026-05-28T16:00:00+00:00,311.52999999999986,311.85999999999984,311.4399999999998,311.54999999999984,2224
2026-05-28T16:15:00+00:00,311.54999999999984,311.73999999999984,311.20999999999987,311.34999999999985,2426
2026-05-28T16:30:00+00:00,311.34999999999985,311.66999999999985,310.48999999999984,310.6999999999999,2434
2026-05-28T16:45:00+00:00,310.6999999999999,311.57999999999987,310.45999999999987,311.45999999999987,2317
2026-05-28T17:00:00+00:00,311.45999999999987,312.53999999999985,311.4399999999998,311.74999999999983,2695
2026-05-28T17:15:00+00:00,311.74999999999983,311.98999999999984,311.52999999999986,311.71999999999986,1685
2026-05-28T17:30:00+00:00,311.71999999999986,311.8899999999999,311.52999999999986,311.53999999999985,2104
2026-05-28T17:45:00+00:00,311.53999999999985,311.64999999999986,311.01999999999987,311.30999999999983,1982
2026-05-28T18:00:00+00:00,311.30999999999983,311.73999999999984,311.11999999999983,311.61999999999983,1700
2026-05-28T18:15:00+00:00,311.61999999999983,311.91999999999985,311.36999999999983,311.6999999999999,1569
2026-05-28T18:30:00+00:00,311.6999999999999,312.27999999999986,311.66999999999985,311.82999999999987,2316
2026-05-28T18:45:00+00:00,311.82999999999987,312.09999999999985,311.73999999999984,311.76999999999987,1841
2026-05-28T19:00:00+00:00,311.76999999999987,311.78999999999985,311.1399999999999,311.47999999999985,1746
2026-05-28T19:15:00+00:00,311.47999999999985,312.24999999999983,311.41999999999985,312.22999999999985,1623
2026-05-28T19:30:00+00:00,312.22999999999985,312.47999999999985,311.8799999999998,312.1999999999999,1413
2026-05-28T19:45:00+00:00,312.1999999999999,313.48999999999984,312.1399999999999,313.42999999999984,2715
2026-05-29T13:30:00+00:00,313.42999999999984,315.8899999999999,312.51999999999987,314.84999999999985,5599
2026-05-29T13:45:00+00:00,314.84999999999985,315.05999999999983,313.76999999999987,314.32999999999987,5561
2026-05-29T14:00:00+00:00,314.32999999999987,314.6399999999999,313.71999999999986,314.17999999999984,4573
2026-05-29T14:15:00+00:00,314.17999999999984,314.79999999999984,313.71999999999986,314.53999999999985,4444
2026-05-29T14:30:00+00:00,314.53999999999985,314.95999999999987,313.8199999999998,313.85999999999984,4827
2026-05-29T14:45:00+00:00,313.85999999999984,313.86999999999983,312.04999999999984,312.29999999999984,4559.321511389988
2026-05-29T15:00:00+00:00,312.29999999999984,312.3999999999998,311.3399999999998,311.72999999999985,4116
2026-05-29T15:15:00+00:00,311.72999999999985,312.9499999999998,311.72999999999985,312.55999999999983,3596
2026-05-29T15:30:00+00:00,312.55999999999983,312.9499999999998,312.1499999999998,312.2099999999998,3068
2026-05-29T15:45:00+00:00,312.2099999999998,312.29999999999984,311.5199999999998,311.53999999999985,2809
2026-05-29T16:00:00+00:00,311.53999999999985,312.29999999999984,311.3799999999998,312.0799999999998,2679
2026-05-29T16:15:00+00:00,312.0799999999998,312.41999999999985,311.7599999999998,312.05999999999983,2332
2026-05-29T16:30:00+00:00,312.05999999999983,312.6299999999998,311.96999999999986,312.3199999999998,1824
2026-05-29T16:45:00+00:00,312.3199999999998,312.35999999999984,311.7699999999998,311.9599999999998,1537
2026-05-29T17:00:00+00:00,311.9599999999998,312.03999999999985,311.34999999999985,311.6499999999998,1475
2026-05-29T17:15:00+00:00,311.6499999999998,311.6899999999998,311.1299999999998,311.34999999999985,1987
2026-05-29T17:30:00+00:00,311.34999999999985,311.42999999999984,310.8199999999998,310.9599999999998,2085
2026-05-29T17:45:00+00:00,310.9599999999998,311.05999999999983,310.4499999999998,310.48999999999984,1750
2026-05-29T18:00:00+00:00,310.48999999999984,311.1999999999998,310.4499999999998,311.0099999999998,2462
2026-05-29T18:15:00+00:00,311.0099999999998,311.28999999999985,310.9599999999998,311.15999999999985,1719
2026-05-29T18:30:00+00:00,311.15999999999985,311.61999999999983,311.1399999999998,311.5099999999998,1871
2026-05-29T18:45:00+00:00,311.5099999999998,311.7099999999998,311.10999999999984,311.47999999999985,2145
2026-05-29T19:00:00+00:00,311.47999999999985,312.5799999999998,311.4399999999998,312.49999999999983,1813
2026-05-29T19:15:00+00:00,312.49999999999983,312.5799999999998,311.8299999999998,312.36999999999983,2154
2026-05-29T19:30:00+00:00,312.36999999999983,312.92999999999984,312.22999999999985,312.67999999999984,2050
2026-05-29T19:45:00+00:00,312.67999999999984,313.96999999999986,312.46999999999986,312.98999999999984,3186
2026-06-01T13:30:00+00:00,312.98999999999984,312.98999999999984,309.4399999999998,310.3799999999998,4551
2026-06-01T13:45:00+00:00,310.3799999999998,311.48999999999984,310.05999999999983,310.9399999999998,3868
2026-06-01T14:00:00+00:00,310.9399999999998,311.16999999999985,310.04999999999984,310.5799999999998,3860
2026-06-01T14:15:00+00:00,310.5799999999998,311.05999999999983,308.72999999999985,308.73999999999984,3506
2026-06-01T14:30:00+00:00,308.73999999999984,309.3899999999998,308.27999999999986,308.6999999999998,3444
2026-06-01T14:45:00+00:00,308.6999999999998,308.7599999999998,307.48999999999984,307.8399999999998,3994
2026-06-01T15:00:00+00:00,307.8399999999998,308.4599999999998,307.24999999999983,307.66999999999985,2909
2026-06-01T15:15:00+00:00,307.66999999999985,308.0099999999998,307.3899999999998,307.47999999999985,2424
2026-06-01T15:30:00+00:00,307.47999999999985,308.1899999999998,307.4399999999998,307.74999999999983,3704
2026-06-01T15:45:00+00:00,307.74999999999983,307.96999999999986,307.3899999999998,307.7599999999998,2286
2026-06-01T16:00:00+00:00,307.7599999999998,307.8799999999998,306.99999999999983,306.99999999999983,2491
2026-06-01T16:15:00+00:00,306.99999999999983,307.05999999999983,306.3999999999998,306.65999999999985,2649
2026-06-01T16:30:00+00:00,306.65999999999985,307.11999999999983,306.5899999999998,306.9399999999998,1937
2026-06-01T16:45:00+00:00,306.9399999999998,307.4599999999998,306.8199999999998,307.1399999999998,2205
2026-06-01T17:00:00+00:00,307.1399999999998,307.16999999999985,305.96999999999986,306.6499999999998,2467
2026-06-01T17:15:00+00:00,306.6499999999998,307.4399999999998,306.15999999999985,307.34999999999985,2461
2026-06-01T17:30:00+00:00,307.34999999999985,308.9399999999998,307.23999999999984,308.67999999999984,3475
2026-06-01T17:45:00+00:00,308.67999999999984,309.3299999999998,308.4599999999998,308.65999999999985,3473
2026-06-01T18:00:00+00:00,308.65999999999985,308.74999999999983,308.2099999999998,308.3999999999998,2121
2026-06-01T18:15:00+00:00,308.3999999999998,308.8899999999998,308.29999999999984,308.74999999999983,1853
2026-06-01T18:30:00+00:00,308.74999999999983,309.23999999999984,308.53999999999985,308.77999999999986,2471
2026-06-01T18:45:00+00:00,308.77999999999986,308.90999999999985,308.23999999999984,308.46999999999986,2507
2026-06-01T19:00:00+00:00,308.46999999999986,308.98999999999984,308.36999999999983,308.47999999999985,2563
2026-06-01T19:15:00+00:00,308.47999999999985,308.90999999999985,308.28999999999985,308.34999999999985,1987
2026-06-01T19:30:00+00:00,308.34999999999985,308.9599999999998,308.2699999999998,308.59999999999985,2386
2026-06-01T19:45:00+00:00,308.59999999999985,308.77999999999986,306.73999999999984,307.2699999999998,3505
2026-06-02T13:30:00+00:00,307.2699999999998,310.74999999999983,307.2699999999998,309.98999999999984,5529
2026-06-02T13:45:00+00:00,309.98999999999984,310.27999999999986,309.15999999999985,309.96999999999986,5453
2026-06-02T14:00:00+00:00,309.96999999999986,310.28999999999985,309.4599999999998,309.5199999999998,4160
2026-06-02T14:15:00+00:00,309.5199999999998,311.3899999999998,309.5099999999998,311.28999999999985,3622
2026-06-02T14:30:00+00:00,311.28999999999985,311.3799999999998,310.55999999999983,310.6999999999998,3077
2026-06-02T14:45:00+00:00,310.6999999999998,311.67999999999984,310.15999999999985,311.4599999999998,3219
2026-06-02T15:00:00+00:00,311.4599999999998,313.1899999999998,311.3199999999998,312.8899999999998,2844
2026-06-02T15:15:00+00:00,312.8899999999998,313.84999999999985,312.6299999999998,313.6299999999998,2863
2026-06-02T15:30:00+00:00,313.6299999999998,313.9599999999998,313.2599999999998,313.8199999999998,2800
2026-06-02T15:45:00+00:00,313.8199999999998,314.0899999999998,313.2599999999998,313.35999999999984,2645
2026-06-02T16:00:00+00:00,313.35999999999984,313.78999999999985,313.03999999999985,313.41999999999985,2231
2026-06-02T16:15:00+00:00,313.41999999999985,313.49999999999983,312.9499999999998,313.41999999999985,2066
2026-06-02T16:30:00+00:00,313.41999999999985,313.46999999999986,312.8299999999998,313.0199999999998,1947
2026-06-02T16:45:00+00:00,313.0199999999998,315.3799999999998,312.96999999999986,315.23999999999984,2329
2026-06-02T17:00:00+00:00,315.23999999999984,315.92999999999984,315.2099999999998,315.8999999999998,2673
2026-06-02T17:15:00+00:00,315.8999999999998,315.9499999999998,315.0199999999998,315.54999999999984,2672
2026-06-02T17:30:00+00:00,315.54999999999984,316.21999999999986,315.2599999999998,315.7099999999998,2180
2026-06-02T17:45:00+00:00,315.7099999999998,316.3799999999998,315.36999999999983,315.65999999999985,2176
2026-06-02T18:00:00+00:00,315.65999999999985,315.85999999999984,315.2699999999998,315.27999999999986,1593
2026-06-02T18:15:00+00:00,315.27999999999986,315.27999999999986,314.6399999999998,315.15999999999985,1657
2026-06-02T18:30:00+00:00,315.15999999999985,315.4399999999998,315.09999999999985,315.30999999999983,1519
2026-06-02T18:45:00+00:00,315.30999999999983,315.80999999999983,315.15999999999985,315.5799999999998,1382
2026-06-02T19:00:00+00:00,315.5799999999998,316.15999999999985,315.5799999999998,315.61999999999983,1379
2026-06-02T19:15:00+00:00,315.61999999999983,315.98999999999984,315.5799999999998,315.6999999999998,1410
2026-06-02T19:30:00+00:00,315.6999999999998,316.05999999999983,315.65999999999985,315.8999999999998,1615
2026-06-02T19:45:00+00:00,315.8999999999998,316.3799999999998,314.9499999999998,316.1999999999998,3114
2026-06-03T13:30:00+00:00,316.1999999999998,317.84999999999985,314.90999999999985,317.4599999999998,4401
2026-06-03T13:45:00+00:00,317.4599999999998,317.66999999999985,315.73999999999984,315.7699999999998,4770
2026-06-03T14:00:00+00:00,315.7699999999998,316.8799999999998,315.10999999999984,316.6999999999998,3613
2026-06-03T14:15:00+00:00,316.6999999999998,316.84999999999985,315.1499999999998,315.24999999999983,2791
2026-06-03T14:30:00+00:00,315.24999999999983,315.55999999999983,313.9499999999998,313.9599999999998,2459
2026-06-03T14:45:00+00:00,313.9599999999998,314.0099999999998,312.02999999999986,312.41999999999985,2606.9311899627523
2026-06-03T15:00:00+00:00,312.41999999999985,312.8399999999998,311.29999999999984,311.54999999999984,2623
2026-06-03T15:15:00+00:00,311.54999999999984,312.77999999999986,311.23999999999984,312.5799999999998,2795
2026-06-03T15:30:00+00:00,312.5799999999998,313.10999999999984,312.05999999999983,312.4399999999998,2384
2026-06-03T15:45:00+00:00,312.4399999999998,312.61999999999983,312.15999999999985,312.40999999999985,1919
2026-06-03T16:00:00+00:00,312.40999999999985,312.73999999999984,311.84999999999985,312.21999999999986,1679
2026-06-03T16:15:00+00:00,312.21999999999986,312.24999999999983,310.4399999999998,310.6999999999998,2621
2026-06-03T16:30:00+00:00,310.6999999999998,311.0099999999998,310.23999999999984,310.8399999999998,2201
2026-06-03T16:45:00+00:00,310.8399999999998,311.3799999999998,310.6399999999998,311.17999999999984,1917
2026-06-03T17:00:00+00:00,311.17999999999984,311.22999999999985,310.0699999999998,310.15999999999985,1886
2026-06-03T17:15:00+00:00,310.15999999999985,310.29999999999984,309.7699999999998,310.09999999999985,1902
2026-06-03T17:30:00+00:00,310.09999999999985,310.6299999999998,309.90999999999985,310.36999999999983,1403
2026-06-03T17:45:00+00:00,310.36999999999983,310.5099999999998,310.15999999999985,310.2599999999998,1299
2026-06-03T18:00:00+00:00,310.2599999999998,310.6399999999998,309.9499999999998,310.2099999999998,1504
2026-06-03T18:15:00+00:00,310.2099999999998,310.91999999999985,310.17999999999984,310.73999999999984,1389
2026-06-03T18:30:00+00:00,310.73999999999984,310.8799999999998,310.1999999999998,310.5199999999998,1357
2026-06-03T18:45:00+00:00,310.5199999999998,310.8399999999998,310.4399999999998,310.74999999999983,1080
2026-06-03T19:00:00+00:00,310.74999999999983,310.92999999999984,310.40999999999985,310.78999999999985,1284
2026-06-03T19:15:00+00:00,310.78999999999985,311.47999999999985,310.7099999999998,311.34999999999985,1408
2026-06-03T19:30:00+00:00,311.34999999999985,312.02999999999986,311.28999999999985,311.85999999999984,1382
2026-06-03T19:45:00+00:00,311.85999999999984,311.92999999999984,310.3899999999998,311.34999999999985,4014
2026-06-04T13:30:00+00:00,311.34999999999985,314.1399999999998,311.3399999999998,312.77999999999986,6019
2026-06-04T13:45:00+00:00,312.77999999999986,313.3999999999998,311.71999999999986,313.1999999999998,6091
2026-06-04T14:00:00+00:00,313.1999999999998,313.29999999999984,311.73999999999984,312.2599999999998,5844
2026-06-04T14:15:00+00:00,312.2599999999998,312.78999999999985,310.85999999999984,311.15999999999985,4178
2026-06-04T14:30:00+00:00,311.15999999999985,311.77999999999986,310.9399999999998,311.36999999999983,3423
2026-06-04T14:45:00+00:00,311.36999999999983,311.67999999999984,310.72999999999985,311.36999999999983,3272
2026-06-04T15:00:00+00:00,311.36999999999983,312.29999999999984,311.34999999999985,311.7699999999998,3003
2026-06-04T15:15:00+00:00,311.7699999999998,312.21999999999986,311.1299999999998,311.28999999999985,2593
2026-06-04T15:30:00+00:00,311.28999999999985,311.49999999999983,310.5799999999998,311.10999999999984,2200
2026-06-04T15:45:00+00:00,311.10999999999984,311.34999999999985,310.8899999999998,311.3199999999998,2326
2026-06-04T16:00:00+00:00,311.3199999999998,311.8999999999998,311.15999999999985,311.7599999999998,2015
2026-06-04T16:15:00+00:00,311.7599999999998,312.05999999999983,311.47999999999985,311.49999999999983,1666
2026-06-04T16:30:00+00:00,311.49999999999983,312.41999999999985,311.3799999999998,312.3399999999998,2130
2026-06-04T16:45:00+00:00,312.3399999999998,312.71999999999986,311.9399999999998,312.2699999999998,2090
2026-06-04T17:00:00+00:00,312.2699999999998,312.61999999999983,311.8999999999998,311.96999999999986,1832
2026-06-04T17:15:00+00:00,311.96999999999986,312.65999999999985,311.8999999999998,312.60999999999984,1607
2026-06-04T17:30:00+00:00,312.60999999999984,312.92999999999984,312.53999999999985,312.6399999999998,1543
2026-06-04T17:45:00+00:00,312.6399999999998,312.6399999999998,312.0799999999998,312.1399999999998,1341
2026-06-04T18:00:00+00:00,312.1399999999998,312.3999999999998,311.97999999999985,312.24999999999983,1451
2026-06-04T18:15:00+00:00,312.24999999999983,312.5699999999998,312.1399999999998,312.35999999999984,1031
2026-06-04T18:30:00+00:00,312.35999999999984,312.91999999999985,312.2599999999998,312.84999999999985,1311
2026-06-04T18:45:00+00:00,312.84999999999985,312.9399999999998,312.34999999999985,312.67999999999984,1197
2026-06-04T19:00:00+00:00,312.67999999999984,312.8399999999998,312.5699999999998,312.74999999999983,1076
2026-06-04T19:15:00+00:00,312.74999999999983,313.02999999999986,312.60999999999984,312.86999999999983,1522
2026-06-04T19:30:00+00:00,312.86999999999983,312.8899999999998,311.96999999999986,312.3399999999998,1833
2026-06-04T19:45:00+00:00,312.3399999999998,312.8999999999998,311.92999999999984,312.0199999999998,3413
2026-06-05T13:30:00+00:00,312.0199999999998,315.1899999999998,312.0199999999998,314.55999999999983,4294
2026-06-05T13:45:00+00:00,314.55999999999983,315.40999999999985,313.86999999999983,314.57999999999987,4660.7301246239795
2026-06-05T14:00:00+00:00,314.57999999999987,314.6799999999999,313.4699999999999,314.4799999999999,3779.353072931972
2026-06-05T14:15:00+00:00,314.4799999999999,316.07,314.1899999999999,314.3699999999999,2761.472094725919
2026-06-05T14:30:00+00:00,314.3699999999999,316.6399999999998,314.0699999999999,316.33999999999986,2241.201576562642
2026-06-05T14:45:00+00:00,316.33999999999986,316.49999999999983,312.89999999999986,313.6099999999999,2335.875012811375
2026-06-05T15:00:00+00:00,313.6099999999999,314.22999999999985,313.5599999999999,313.7699999999998,2100.611736311267
2026-06-05T15:15:00+00:00,313.7699999999998,314.1499999999998,313.06999999999977,313.7199999999998,2297.7115722976746
2026-06-05T15:30:00+00:00,313.7199999999998,314.4199999999998,313.6099999999998,313.7199999999998,3282
2026-06-05T15:45:00+00:00,313.7199999999998,313.9099999999998,313.1199999999998,313.7099999999998,1997
2026-06-05T16:00:00+00:00,313.7099999999998,313.8299999999998,312.9299999999998,313.3999999999998,2457
2026-06-05T16:15:00+00:00,313.3999999999998,313.5299999999998,312.12999999999977,312.3099999999998,2704
2026-06-05T16:30:00+00:00,312.3099999999998,312.44999999999976,311.0999999999998,311.3099999999998,3396
2026-06-05T16:45:00+00:00,311.3099999999998,311.93999999999977,310.94999999999976,311.18999999999977,4061
2026-06-05T17:00:00+00:00,311.18999999999977,311.2899999999998,309.87999999999977,310.7699999999998,2981
2026-06-05T17:15:00+00:00,310.7699999999998,311.8099999999998,310.6499999999998,311.7699999999998,2700
2026-06-05T17:30:00+00:00,311.7699999999998,312.2999999999998,311.6599999999998,311.94999999999976,2414
2026-06-05T17:45:00+00:00,311.94999999999976,312.94999999999976,311.93999999999977,312.8299999999998,1942
2026-06-05T18:00:00+00:00,312.8299999999998,312.93999999999977,312.1499999999998,312.31999999999977,2448
2026-06-05T18:15:00+00:00,312.31999999999977,313.06999999999977,311.7699999999998,311.8099999999998,3554
2026-06-05T18:30:00+00:00,311.8099999999998,312.3299999999998,310.31999999999977,310.3399999999998,4085
2026-06-05T18:45:00+00:00,310.3399999999998,310.8699999999998,309.7399999999998,309.7699999999998,3815
2026-06-05T19:00:00+00:00,309.7699999999998,309.9799999999998,308.4999999999998,308.7499999999998,3752
2026-06-05T19:15:00+00:00,308.7499999999998,309.19999999999976,307.4199999999998,309.19999999999976,3764
2026-06-05T19:30:00+00:00,309.19999999999976,309.2999999999998,308.18999999999977,308.3999999999998,3391
2026-06-05T19:45:00+00:00,308.3999999999998,309.1099999999998,307.62999999999977,307.69999999999976,4708
2026-06-08T13:30:00+00:00,307.69999999999976,315.3999999999998,307.69999999999976,311.7699999999998,7350
2026-06-08T13:45:00+00:00,311.7699999999998,313.00999999999976,310.87999999999977,311.19999999999976,6122
2026-06-08T14:00:00+00:00,311.19999999999976,312.7399999999998,310.9999999999998,311.1399999999998,5921
2026-06-08T14:15:00+00:00,311.1399999999998,312.5499999999998,310.18999999999977,312.25999999999976,4871
2026-06-08T14:30:00+00:00,312.25999999999976,313.2099999999998,312.0399999999998,313.12999999999977,4536
2026-06-08T14:45:00+00:00,313.12999999999977,315.6199999999998,313.1099999999998,315.4799999999998,4268
2026-06-08T15:00:00+00:00,315.4799999999998,315.6199999999998,314.5599999999998,314.5899999999998,3314
2026-06-08T15:15:00+00:00,314.5899999999998,314.9099999999998,314.12999999999977,314.18999999999977,3590
2026-06-08T15:30:00+00:00,314.18999999999977,314.5799999999998,313.56999999999977,314.4199999999998,4013
2026-06-08T15:45:00+00:00,314.4199999999998,314.8599999999998,313.7199999999998,313.9099999999998,3761
2026-06-08T16:00:00+00:00,313.9099999999998,314.68999999999977,313.56999999999977,314.3399999999998,3950
2026-06-08T16:15:00+00:00,314.3399999999998,315.2799999999998,313.8999999999998,313.9099999999998,3210
2026-06-08T16:30:00+00:00,313.9099999999998,314.0999999999998,313.1399999999998,313.5899999999998,3723
2026-06-08T16:45:00+00:00,313.5899999999998,314.3599999999998,313.4699999999998,313.7899999999998,3042
2026-06-08T17:00:00+00:00,313.7899999999998,314.75999999999976,312.8899999999998,313.7799999999998,4389
2026-06-08T17:15:00+00:00,313.7799999999998,314.9299999999998,312.4999999999998,314.8699999999998,3517
2026-06-08T17:30:00+00:00,314.8699999999998,317.5999999999998,309.00999999999976,309.0599999999998,5186
2026-06-08T17:45:00+00:00,309.0599999999998,310.4799999999998,307.8599999999998,308.7299999999998,4683
2026-06-08T18:00:00+00:00,308.7299999999998,309.2899999999998,304.0299999999998,304.9099999999998,5020
2026-06-08T18:15:00+00:00,304.9099999999998,306.2799999999998,304.0299999999998,305.0499999999998,4328
2026-06-08T18:30:00+00:00,305.0499999999998,305.75999999999976,302.9599999999998,303.1199999999998,3869
2026-06-08T18:45:00+00:00,303.1199999999998,304.5799999999998,303.0299999999998,304.0899999999998,3819
2026-06-08T19:00:00+00:00,304.0899999999998,305.0499999999998,303.7799999999998,304.5199999999998,3578
2026-06-08T19:15:00+00:00,304.5199999999998,305.1499999999998,302.3499999999998,302.9699999999998,3690
2026-06-08T19:30:00+00:00,302.9699999999998,303.5399999999998,302.06999999999977,303.1199999999998,3380
2026-06-08T19:45:00+00:00,303.1199999999998,303.1399999999998,301.3999999999998,301.8699999999998,4231
2026-06-09T13:30:00+00:00,301.8699999999998,301.8699999999998,297.3299999999998,297.4799999999998,5404
2026-06-09T13:45:00+00:00,297.4799999999998,298.5199999999998,296.2199999999998,296.3999999999998,5743
2026-06-09T14:00:00+00:00,296.3999999999998,296.43999999999977,293.7799999999998,294.2999999999998,6343
2026-06-09T14:15:00+00:00,294.2999999999998,294.31999999999977,292.4799999999998,292.8099999999998,7608
2026-06-09T14:30:00+00:00,292.8099999999998,294.1699999999998,292.1199999999998,293.56999999999977,6059
2026-06-09T14:45:00+00:00,293.56999999999977,293.6099999999998,292.18999999999977,293.3999999999998,7369
2026-06-09T15:00:00+00:00,293.3999999999998,294.0199999999998,292.7999999999998,293.7499999999998,4666
2026-06-09T15:15:00+00:00,293.7499999999998,293.93999999999977,291.7899999999998,291.8599999999998,4516
2026-06-09T15:30:00+00:00,291.8599999999998,292.2799999999998,291.4199999999998,291.5199999999998,5096
2026-06-09T15:45:00+00:00,291.5199999999998,292.1499999999998,291.18999999999977,291.3299999999998,4703
2026-06-09T16:00:00+00:00,291.3299999999998,291.7799999999998,290.62999999999977,291.2799999999998,6052
2026-06-09T16:15:00+00:00,291.2799999999998,291.3699999999998,289.7499999999998,289.7499999999998,5467
2026-06-09T16:30:00+00:00,289.7499999999998,290.1199999999998,288.06999999999977,288.7199999999998,8258
2026-06-09T16:45:00+00:00,288.7199999999998,289.68999999999977,288.1099999999998,289.4799999999998,7126
2026-06-09T17:00:00+00:00,289.4799999999998,290.4899999999998,289.4299999999998,290.2699999999998,6521
2026-06-09T17:15:00+00:00,290.2699999999998,291.3999999999998,289.9199999999998,290.7399999999998,5465
2026-06-09T17:30:00+00:00,290.7399999999998,291.0599999999998,290.19999999999976,290.3399999999998,4240
2026-06-09T17:45:00+00:00,290.3399999999998,290.43999999999977,289.7699999999998,289.9699999999998,4596
2026-06-09T18:00:00+00:00,289.9699999999998,290.3999999999998,289.62999999999977,290.25999999999976,4116
2026-06-09T18:15:00+00:00,290.25999999999976,291.2499999999998,289.7399999999998,291.2499999999998,4121
2026-06-09T18:30:00+00:00,291.2499999999998,292.1099999999998,290.7199999999998,290.7799999999998,4519
2026-06-09T18:45:00+00:00,290.7799999999998,291.7799999999998,290.6499999999998,291.62999999999977,4013
2026-06-09T19:00:00+00:00,291.62999999999977,292.2199999999998,291.2699999999998,291.3399999999998,3827
2026-06-09T19:15:00+00:00,291.3399999999998,291.56999999999977,290.5599999999998,291.3899999999998,5436
2026-06-09T19:30:00+00:00,291.3899999999998,291.5499999999998,289.4299999999998,289.4899999999998,5627
2026-06-09T19:45:00+00:00,289.4899999999998,291.94999999999976,289.0799999999998,290.7399999999998,6235
2026-06-10T13:30:00+00:00,290.7399999999998,291.2399999999998,287.6499999999998,290.2099999999998,7907
2026-06-10T13:45:00+00:00,290.2099999999998,290.6599999999998,288.6499999999998,289.69999999999976,7566
2026-06-10T14:00:00+00:00,289.69999999999976,291.44999999999976,289.5999999999998,290.9999999999998,5689
2026-06-10T14:15:00+00:00,290.9999999999998,291.1599999999998,289.5899999999998,289.8599999999998,5361
2026-06-10T14:30:00+00:00,289.8599999999998,290.8899999999998,288.9899999999998,289.0199999999998,5539
2026-06-10T14:45:00+00:00,289.0199999999998,290.1699999999998,288.7099999999998,289.9799999999998,6171.231357552581
2026-06-10T15:00:00+00:00,289.9799999999998,290.94999999999976,289.37999999999977,290.68999999999977,7245
2026-06-10T15:15:00+00:00,290.68999999999977,290.9199999999998,289.9299999999998,290.26999999999975,6367
2026-06-10T15:30:00+00:00,290.26999999999975,291.82999999999976,290.02999999999975,291.6799999999998,6839
2026-06-10T15:45:00+00:00,291.6799999999998,291.8499999999998,290.4099999999998,291.5599999999998,8703
2026-06-10T16:00:00+00:00,291.5599999999998,291.95999999999975,290.81999999999977,291.18999999999977,6290
2026-06-10T16:15:00+00:00,291.18999999999977,292.0599999999998,290.8699999999998,292.0599999999998,5332
2026-06-10T16:30:00+00:00,292.0599999999998,293.2899999999998,291.6599999999998,293.1699999999998,5628
2026-06-10T16:45:00+00:00,293.1699999999998,293.19999999999976,292.06999999999977,292.58999999999975,6264
2026-06-10T17:00:00+00:00,292.58999999999975,293.1699999999998,292.12999999999977,292.39999999999975,5763
2026-06-10T17:15:00+00:00,292.39999999999975,293.50999999999976,292.01999999999975,293.4799999999998,5173
2026-06-10T17:30:00+00:00,293.4799999999998,293.4899999999998,292.81999999999977,292.9799999999998,4987
2026-06-10T17:45:00+00:00,292.9799999999998,294.37999999999977,292.81999999999977,294.27999999999975,5610
2026-06-10T18:00:00+00:00,294.27999999999975,294.96999999999974,294.1699999999998,294.77999999999975,4195
2026-06-10T18:15:00+00:00,294.77999999999975,295.0499999999998,294.3099999999998,294.6199999999998,4228
2026-06-10T18:30:00+00:00,294.6199999999998,294.6199999999998,293.6799999999998,293.9299999999998,3575
2026-06-10T18:45:00+00:00,293.9299999999998,294.01999999999975,292.9899999999998,293.14999999999975,3799
2026-06-10T19:00:00+00:00,293.14999999999975,293.62999999999977,292.9099999999998,293.07999999999976,3427
2026-06-10T19:15:00+00:00,293.07999999999976,293.1799999999998,291.8699999999998,292.2299999999998,3993
2026-06-10T19:30:00+00:00,292.2299999999998,292.88999999999976,291.9999999999998,292.4199999999998,4571
2026-06-10T19:45:00+00:00,292.4199999999998,293.2299999999998,291.68999999999977,291.75999999999976,4852
2026-06-11T13:30:00+00:00,291.75999999999976,294.00999999999976,290.6699999999998,292.3499999999998,4977
2026-06-11T13:45:00+00:00,292.3499999999998,294.27999999999975,291.77999999999975,291.8499999999998,5414
2026-06-11T14:00:00+00:00,291.8499999999998,292.07999999999976,290.3599999999998,290.5499999999998,5569
2026-06-11T14:15:00+00:00,290.5499999999998,291.62999999999977,290.06999999999977,290.87999999999977,5667
2026-06-11T14:30:00+00:00,290.87999999999977,291.43999999999977,290.19999999999976,290.83999999999975,4296
2026-06-11T14:45:00+00:00,290.83999999999975,291.2999999999998,289.89999999999975,290.1599999999998,4850
2026-06-11T15:00:00+00:00,290.1599999999998,291.26999999999975,290.0399999999998,291.0999999999998,5092
2026-06-11T15:15:00+00:00,291.0999999999998,292.1099999999998,290.9199999999998,291.4799999999998,3912
2026-06-11T15:30:00+00:00,291.4799999999998,293.37999999999977,291.3699999999998,292.96999999999974,4852
2026-06-11T15:45:00+00:00,292.96999999999974,293.8599999999998,292.71999999999974,293.68999999999977,3950
2026-06-11T16:00:00+00:00,293.68999999999977,294.25999999999976,293.5399999999998,293.8099999999998,3826
2026-06-11T16:15:00+00:00,293.8099999999998,294.13999999999976,292.8499999999998,293.27999999999975,3768
2026-06-11T16:30:00+00:00,293.27999999999975,294.81999999999977,293.18999999999977,294.2399999999998,3640
2026-06-11T16:45:00+00:00,294.2399999999998,294.4799999999998,293.9099999999998,294.0499999999998,2771
2026-06-11T17:00:00+00:00,294.0499999999998,294.20999999999975,293.3499999999998,293.6699999999998,3870
2026-06-11T17:15:00+00:00,293.6699999999998,296.26999999999975,293.4199999999998,296.1699999999998,4170
2026-06-11T17:30:00+00:00,296.1699999999998,297.2899999999998,295.8599999999998,296.88999999999976,5542
2026-06-11T17:45:00+00:00,296.88999999999976,297.08999999999975,295.7399999999998,296.1099999999998,4532
2026-06-11T18:00:00+00:00,296.1099999999998,296.3099999999998,295.4199999999998,296.1199999999998,4786
2026-06-11T18:15:00+00:00,296.1199999999998,296.7399999999998,295.7999999999998,295.8699999999998,3710
2026-06-11T18:30:00+00:00,295.8699999999998,296.1099999999998,295.52999999999975,295.7899999999998,2759
2026-06-11T18:45:00+00:00,295.7899999999998,296.37999999999977,295.43999999999977,295.4999999999998,2611
2026-06-11T19:00:00+00:00,295.4999999999998,295.81999999999977,295.31999999999977,295.68999999999977,3364
2026-06-11T19:15:00+00:00,295.68999999999977,295.9299999999998,295.37999999999977,295.6599999999998,2729
2026-06-11T19:30:00+00:00,295.6599999999998,296.4999999999998,295.5499999999998,296.32999999999976,4171
2026-06-11T19:45:00+00:00,296.32999999999976,296.3699999999998,294.9999999999998,295.7399999999998,6034
2026-06-12T13:30:00+00:00,295.7399999999998,297.3499999999998,292.1699999999998,292.6599999999998,8881
2026-06-12T13:45:00+00:00,292.6599999999998,293.1599999999998,291.31999999999977,291.33999999999975,8220
2026-06-12T14:00:00+00:00,291.33999999999975,292.4899999999998,290.9199999999998,292.26999999999975,4916
2026-06-12T14:15:00+00:00,292.26999999999975,293.52999999999975,292.01999999999975,292.25999999999976,4452
2026-06-12T14:30:00+00:00,292.25999999999976,292.62999999999977,291.1799999999998,291.4299999999998,4133
2026-06-12T14:45:00+00:00,291.4299999999998,292.1599999999998,290.32999999999976,291.9999999999998,5182.059229627718
2026-06-12T15:00:00+00:00,291.9999999999998,293.1799999999998,291.2999999999998,292.9899999999998,4262
2026-06-12T15:15:00+00:00,292.9899999999998,293.25999999999976,292.5299999999998,293.1499999999998,2888
2026-06-12T15:30:00+00:00,293.1499999999998,293.1599999999998,291.7999999999998,292.1599999999998,4503
2026-06-12T15:45:00+00:00,292.1599999999998,292.3599999999998,291.2999999999998,291.6099999999998,5065
2026-06-12T16:00:00+00:00,291.6099999999998,292.4999999999998,291.0999999999998,292.19999999999976,5082
2026-06-12T16:15:00+00:00,292.19999999999976,292.44999999999976,291.75999999999976,291.8299999999998,4017
2026-06-12T16:30:00+00:00,291.8299999999998,292.0299999999998,291.1199999999998,291.2699999999998,3150
2026-06-12T16:45:00+00:00,291.2699999999998,291.7999999999998,291.0399999999998,291.4099999999998,2690
2026-06-12T17:00:00+00:00,291.4099999999998,291.93999999999977,291.3499999999998,291.7699999999998,2814
2026-06-12T17:15:00+00:00,291.7699999999998,292.5299999999998,291.62999999999977,291.75999999999976,2547
2026-06-12T17:30:00+00:00,291.75999999999976,291.7999999999998,290.6799999999998,290.69999999999976,2543
2026-06-12T17:45:00+00:00,290.69999999999976,290.93999999999977,290.0999999999998,290.1799999999998,1990
2026-06-12T18:00:00+00:00,290.1799999999998,290.87999999999977,289.9199999999998,290.56999999999977,2270
2026-06-12T18:15:00+00:00,290.56999999999977,290.6699999999998,290.19999999999976,290.5299999999998,1707
2026-06-12T18:30:00+00:00,290.5299999999998,290.9899999999998,290.50999999999976,290.9199999999998,1646
2026-06-12T18:45:00+00:00,290.9199999999998,291.0499999999998,290.69999999999976,290.7699999999998,1697
2026-06-12T19:00:00+00:00,290.7699999999998,291.2799999999998,290.6499999999998,290.9199999999998,1781
2026-06-12T19:15:00+00:00,290.9199999999998,291.1799999999998,290.7199999999998,290.9099999999998,1955
2026-06-12T19:30:00+00:00,290.9099999999998,291.0299999999998,290.4699999999998,290.7999999999998,2211
2026-06-12T19:45:00+00:00,290.7999999999998,291.9299999999998,290.7699999999998,291.37999999999977,2580
2026-06-15T13:30:00+00:00,291.37999999999977,296.0899999999998,291.37999999999977,295.3099999999998,5814
2026-06-15T13:45:00+00:00,295.3099999999998,296.19999999999976,294.94999999999976,295.4699999999998,5109
2026-06-15T14:00:00+00:00,295.4699999999998,296.6099999999998,295.3399999999998,296.1699999999998,4189
2026-06-15T14:15:00+00:00,296.1699999999998,296.5899999999998,295.6699999999998,295.93999999999977,4305
2026-06-15T14:30:00+00:00,295.93999999999977,296.62999999999977,295.69999999999976,296.4999999999998,4246
2026-06-15T14:45:00+00:00,296.4999999999998,296.9999999999998,296.3999999999998,296.7999999999998,2633
2026-06-15T15:00:00+00:00,296.7999999999998,297.1799999999998,296.4299999999998,296.6099999999998,2538
2026-06-15T15:15:00+00:00,296.6099999999998,297.1399999999998,296.5899999999998,296.7999999999998,1645
2026-06-15T15:30:00+00:00,296.7999999999998,297.50999999999976,296.4899999999998,297.2899999999998,2302
2026-06-15T15:45:00+00:00,297.2899999999998,298.0599999999998,297.2899999999998,297.7799999999998,1956
2026-06-15T16:00:00+00:00,297.7799999999998,298.06999999999977,297.1799999999998,297.3599999999998,1967
2026-06-15T16:15:00+00:00,297.3599999999998,297.6599999999998,297.1599999999998,297.5299999999998,1347
2026-06-15T16:30:00+00:00,297.5299999999998,297.6499999999998,297.12999999999977,297.2699999999998,1244
2026-06-15T16:45:00+00:00,297.2699999999998,297.2799999999998,296.8499999999998,297.2499999999998,1234
2026-06-15T17:00:00+00:00,297.2499999999998,297.2499999999998,296.5499999999998,296.9799999999998,1526
2026-06-15T17:15:00+00:00,296.9799999999998,297.4999999999998,296.8099999999998,296.94999999999976,1428
2026-06-15T17:30:00+00:00,296.94999999999976,297.2899999999998,296.6799999999998,296.8499999999998,1395
2026-06-15T17:45:00+00:00,296.8499999999998,296.9199999999998,295.9099999999998,296.00999999999976,1328
2026-06-15T18:00:00+00:00,296.00999999999976,296.1199999999998,295.44999999999976,295.87999999999977,1951
2026-06-15T18:15:00+00:00,295.87999999999977,296.0299999999998,295.25999999999976,295.31999999999977,1501
2026-06-15T18:30:00+00:00,295.31999999999977,296.5799999999998,295.2999999999998,296.4699999999998,1664
2026-06-15T18:45:00+00:00,296.4699999999998,296.69999999999976,296.4199999999998,296.6399999999998,1086
2026-06-15T19:00:00+00:00,296.6399999999998,296.75999999999976,296.43999999999977,296.6799999999998,1455
2026-06-15T19:15:00+00:00,296.6799999999998,296.9099999999998,296.25999999999976,296.7799999999998,1257
2026-06-15T19:30:00+00:00,296.7799999999998,296.9599999999998,296.1599999999998,296.6399999999998,1820
2026-06-15T19:45:00+00:00,296.6399999999998,296.8399999999998,295.87999999999977,296.75999999999976,2873
2026-06-16T13:30:00+00:00,296.75999999999976,296.75999999999976,294.2499999999998,295.6599999999998,4144
2026-06-16T13:45:00+00:00,295.6599999999998,298.2299999999998,295.5399999999998,297.3399999999998,3795
2026-06-16T14:00:00+00:00,297.3399999999998,298.0799999999998,297.1199999999998,297.6699999999998,4612
2026-06-16T14:15:00+00:00,297.6699999999998,298.2799999999998,296.9999999999998,297.7699999999998,5094
2026-06-16T14:30:00+00:00,297.7699999999998,298.1799999999998,297.2199999999998,297.5799999999998,4399
2026-06-16T14:45:00+00:00,297.5799999999998,298.3099999999998,297.5199999999998,297.81999999999977,3747
2026-06-16T15:00:00+00:00,297.81999999999977,298.5199999999998,297.7699999999998,298.37999999999977,2943
2026-06-16T15:15:00+00:00,298.37999999999977,298.7199999999998,297.4799999999998,298.4299999999998,2990
2026-06-16T15:30:00+00:00,298.4299999999998,298.7399999999998,297.7999999999998,298.3899999999998,3048
2026-06-16T15:45:00+00:00,298.3899999999998,298.8499999999998,298.2999999999998,298.43999999999977,4031
2026-06-16T16:00:00+00:00,298.43999999999977,299.4799999999998,298.3499999999998,299.3899999999998,3203
2026-06-16T16:15:00+00:00,299.3899999999998,299.56999999999977,299.00999999999976,299.1799999999998,2441
2026-06-16T16:30:00+00:00,299.1799999999998,299.5499999999998,299.0799999999998,299.3299999999998,2593
2026-06-16T16:45:00+00:00,299.3299999999998,300.0499999999998,299.2799999999998,299.7299999999998,2374
2026-06-16T17:00:00+00:00,299.7299999999998,300.00999999999976,299.3599999999998,299.94999999999976,1918
2026-06-16T17:15:00+00:00,299.94999999999976,300.7399999999998,299.93999999999977,300.5799999999998,2108
2026-06-16T17:30:00+00:00,300.5799999999998,300.7499999999998,300.0899999999998,300.1499999999998,1986
2026-06-16T17:45:00+00:00,300.1499999999998,300.2299999999998,299.6499999999998,299.87999999999977,1802
2026-06-16T18:00:00+00:00,299.87999999999977,300.0499999999998,299.2099999999998,299.3099999999998,1649
2026-06-16T18:15:00+00:00,299.3099999999998,299.37999999999977,298.8499999999998,298.9699999999998,1494
2026-06-16T18:30:00+00:00,298.9699999999998,299.9199999999998,298.9099999999998,299.8399999999998,1632
2026-06-16T18:45:00+00:00,299.8399999999998,299.87999999999977,299.43999999999977,299.43999999999977,1349
2026-06-16T19:00:00+00:00,299.43999999999977,299.5399999999998,298.9699999999998,299.2199999999998,1841
2026-06-16T19:15:00+00:00,299.2199999999998,299.3699999999998,298.50999999999976,298.5399999999998,2077
2026-06-16T19:30:00+00:00,298.5399999999998,298.9899999999998,298.5199999999998,298.8399999999998,2129
2026-06-16T19:45:00+00:00,298.8399999999998,299.7699999999998,298.8099999999998,299.6199999999998,4346
2026-06-17T13:30:00+00:00,299.6199999999998,302.1699999999998,299.6199999999998,301.4799999999998,3641
2026-06-17T13:45:00+00:00,301.4799999999998,301.5799999999998,299.5199999999998,300.62999999999977,3351
2026-06-17T14:00:00+00:00,300.62999999999977,300.81999999999977,299.6799999999998,300.68999999999977,2573
2026-06-17T14:15:00+00:00,300.68999999999977,301.19999999999976,300.2299999999998,300.7299999999998,2599
2026-06-17T14:30:00+00:00,300.7299999999998,300.7999999999998,298.9899999999998,299.8699999999998,2851
2026-06-17T14:45:00+00:00,299.8699999999998,300.1399999999998,298.62999999999977,298.75999999999976,3204.4253544620515
2026-06-17T15:00:00+00:00,298.75999999999976,298.96999999999974,297.3699999999997,297.70999999999975,2540
2026-06-17T15:15:00+00:00,297.70999999999975,298.39999999999975,297.45999999999975,297.6799999999997,2473
2026-06-17T15:30:00+00:00,297.6799999999997,297.7499999999997,296.94999999999976,297.03999999999974,2457
2026-06-17T15:45:00+00:00,297.03999999999974,299.0599999999997,296.91999999999973,298.83999999999975,2161
2026-06-17T16:00:00+00:00,298.83999999999975,299.4399999999997,298.40999999999974,298.69999999999976,2061
2026-06-17T16:15:00+00:00,298.69999999999976,299.14999999999975,298.62999999999977,298.85999999999973,1278
2026-06-17T16:30:00+00:00,298.85999999999973,299.01999999999975,298.4899999999997,298.7499999999997,1526
2026-06-17T16:45:00+00:00,298.7499999999997,298.7999999999997,298.35999999999973,298.45999999999975,1185
2026-06-17T17:00:00+00:00,298.45999999999975,298.4899999999997,296.90999999999974,296.95999999999975,2068
2026-06-17T17:15:00+00:00,296.95999999999975,297.50999999999976,296.84999999999974,297.09999999999974,1785
2026-06-17T17:30:00+00:00,297.09999999999974,297.40999999999974,296.70999999999975,297.15999999999974,1422
2026-06-17T17:45:00+00:00,297.15999999999974,297.88999999999976,297.1199999999997,297.7499999999997,1360
2026-06-17T18:00:00+00:00,297.7499999999997,297.7999999999997,295.9399999999997,296.09999999999974,4807
2026-06-17T18:15:00+00:00,296.09999999999974,296.8099999999997,295.58999999999975,296.12999999999977,3503
2026-06-17T18:30:00+00:00,296.12999999999977,296.69999999999976,295.46999999999974,296.50999999999976,5308
2026-06-17T18:45:00+00:00,296.50999999999976,296.58999999999975,294.6199999999997,294.8699999999997,3993
2026-06-17T19:00:00+00:00,294.8699999999997,296.10999999999973,294.66999999999973,295.78999999999974,4594
2026-06-17T19:15:00+00:00,295.78999999999974,295.9299999999997,295.0499999999997,295.44999999999976,4101
2026-06-17T19:30:00+00:00,295.44999999999976,295.69999999999976,294.8699999999997,295.1799999999997,4499
2026-06-17T19:45:00+00:00,295.1799999999997,296.4999999999997,294.85999999999973,296.14999999999975,5391
2026-06-18T13:30:00+00:00,296.14999999999975,300.58999999999975,295.88999999999976,297.89999999999975,5221
2026-06-18T13:45:00+00:00,297.89999999999975,298.9399999999997,297.3699999999997,298.46999999999974,4575
2026-06-18T14:00:00+00:00,298.46999999999974,299.71999999999974,298.28999999999974,299.16999999999973,4181
2026-06-18T14:15:00+00:00,299.16999999999973,299.88999999999976,298.4899999999997,299.8699999999997,4209
2026-06-18T14:30:00+00:00,299.8699999999997,300.01999999999975,298.78999999999974,299.9399999999997,3519
2026-06-18T14:45:00+00:00,299.9399999999997,300.84999999999974,299.39999999999975,299.44999999999976,3274
2026-06-18T15:00:00+00:00,299.44999999999976,299.4899999999997,298.1799999999997,298.32999999999976,3504
2026-06-18T15:15:00+00:00,298.32999999999976,298.41999999999973,297.2399999999997,297.3699999999997,2858
2026-06-18T15:30:00+00:00,297.3699999999997,297.66999999999973,296.41999999999973,296.4899999999997,3257
2026-06-18T15:45:00+00:00,296.4899999999997,297.88999999999976,296.2399999999997,297.60999999999973,2870
2026-06-18T16:00:00+00:00,297.60999999999973,298.00999999999976,296.96999999999974,297.31999999999977,2302
2026-06-18T16:15:00+00:00,297.31999999999977,297.78999999999974,297.16999999999973,297.70999999999975,2227
2026-06-18T16:30:00+00:00,297.70999999999975,297.96999999999974,297.2999999999997,297.70999999999975,1729
2026-06-18T16:45:00+00:00,297.70999999999975,297.72999999999973,297.09999999999974,297.34999999999974,1916
2026-06-18T17:00:00+00:00,297.34999999999974,298.4999999999997,297.25999999999976,298.39999999999975,1886
2026-06-18T17:15:00+00:00,298.39999999999975,298.64999999999975,297.84999999999974,298.06999999999977,1573
2026-06-18T17:30:00+00:00,298.06999999999977,298.26999999999975,297.78999999999974,297.81999999999977,1505
2026-06-18T17:45:00+00:00,297.81999999999977,298.15999999999974,297.62999999999977,297.83999999999975,1398
2026-06-18T18:00:00+00:00,297.83999999999975,297.91999999999973,297.2999999999997,297.8099999999997,1787
2026-06-18T18:15:00+00:00,297.8099999999997,297.9399999999997,297.2999999999997,297.35999999999973,1659
2026-06-18T18:30:00+00:00,297.35999999999973,297.9399999999997,297.34999999999974,297.9299999999997,1580
2026-06-18T18:45:00+00:00,297.9299999999997,298.35999999999973,297.83999999999975,297.95999999999975,1499
2026-06-18T19:00:00+00:00,297.95999999999975,298.03999999999974,297.32999999999976,297.3699999999997,1439
2026-06-18T19:15:00+00:00,297.3699999999997,297.76999999999975,297.3099999999997,297.60999999999973,1615
2026-06-18T19:30:00+00:00,297.60999999999973,297.95999999999975,297.3099999999997,297.81999999999977,1897
2026-06-18T19:45:00+00:00,297.81999999999977,299.4999999999997,297.76999999999975,298.10999999999973,3350
2026-06-22T13:30:00+00:00,298.10999999999973,302.25999999999976,297.47999999999973,301.81999999999977,4294
2026-06-22T13:45:00+00:00,301.81999999999977,302.2999999999997,300.78999999999974,301.96999999999974,3540
2026-06-22T14:00:00+00:00,301.96999999999974,302.70999999999975,301.78999999999974,302.09999999999974,3001
2026-06-22T14:15:00+00:00,302.09999999999974,302.15999999999974,301.06999999999977,301.44999999999976,3252
2026-06-22T14:30:00+00:00,301.44999999999976,301.47999999999973,299.8099999999997,299.94999999999976,3723
2026-06-22T14:45:00+00:00,299.94999999999976,300.38999999999976,299.64999999999975,300.0499999999997,3175
2026-06-22T15:00:00+00:00,300.0499999999997,300.66999999999973,299.3099999999997,300.34999999999974,2949
2026-06-22T15:15:00+00:00,300.34999999999974,300.51999999999975,299.39999999999975,300.16999999999973,2859
2026-06-22T15:30:00+00:00,300.16999999999973,301.52999999999975,299.9999999999997,301.33999999999975,2428
2026-06-22T15:45:00+00:00,301.33999999999975,301.69999999999976,300.52999999999975,301.1799999999997,2697
2026-06-22T16:00:00+00:00,301.1799999999997,301.22999999999973,300.60999999999973,301.07999999999976,2801
2026-06-22T16:15:00+00:00,301.07999999999976,301.25999999999976,300.40999999999974,300.77999999999975,1933
2026-06-22T16:30:00+00:00,300.77999999999975,300.97999999999973,300.15999999999974,300.39999999999975,2096
2026-06-22T16:45:00+00:00,300.39999999999975,300.76999999999975,300.16999999999973,300.21999999999974,1636
2026-06-22T17:00:00+00:00,300.21999999999974,300.32999999999976,299.69999999999976,299.83999999999975,1687
2026-06-22T17:15:00+00:00,299.83999999999975,300.39999999999975,299.83999999999975,300.1199999999997,1233
2026-06-22T17:30:00+00:00,300.1199999999997,300.12999999999977,299.53999999999974,299.58999999999975,1846
2026-06-22T17:45:00+00:00,299.58999999999975,300.10999999999973,299.50999999999976,299.59999999999974,1497
2026-06-22T18:00:00+00:00,299.59999999999974,299.6199999999997,298.84999999999974,298.95999999999975,1355
2026-06-22T18:15:00+00:00,298.95999999999975,299.47999999999973,298.89999999999975,299.21999999999974,1294
2026-06-22T18:30:00+00:00,299.21999999999974,299.3099999999997,298.8699999999997,299.1199999999997,1006
2026-06-22T18:45:00+00:00,299.1199999999997,299.4999999999997,298.9299999999997,299.31999999999977,1289
2026-06-22T19:00:00+00:00,299.31999999999977,299.62999999999977,299.12999999999977,299.34999999999974,1216
2026-06-22T19:15:00+00:00,299.34999999999974,299.5599999999997,299.15999999999974,299.32999999999976,1411
2026-06-22T19:30:00+00:00,299.32999999999976,299.3699999999997,297.2399999999997,297.53999999999974,2705
2026-06-22T19:45:00+00:00,297.53999999999974,297.9399999999997,297.0599999999997,297.26999999999975,5338
2026-06-23T13:30:00+00:00,297.26999999999975,300.85999999999973,295.38999999999976,300.66999999999973,7199
2026-06-23T13:45:00+00:00,300.66999999999973,301.91999999999973,298.3699999999997,299.2999999999997,6856
2026-06-23T14:00:00+00:00,299.2999999999997,300.26999999999975,299.03999999999974,299.65999999999974,6277
2026-06-23T14:15:00+00:00,299.65999999999974,300.84999999999974,299.14999999999975,300.76999999999975,5884
2026-06-23T14:30:00+00:00,300.76999999999975,301.14999999999975,299.81999999999977,300.58999999999975,5214
2026-06-23T14:45:00+00:00,300.58999999999975,300.75999999999976,299.7999999999997,300.32999999999976,5204
2026-06-23T15:00:00+00:00,300.32999999999976,300.58999999999975,299.32999999999976,299.37999999999977,4614
2026-06-23T15:15:00+00:00,299.37999999999977,299.5499999999997,298.64999999999975,298.77999999999975,4148
2026-06-23T15:30:00+00:00,298.77999999999975,298.85999999999973,297.63999999999976,297.97999999999973,4476
2026-06-23T15:45:00+00:00,297.97999999999973,298.4999999999997,297.7399999999997,298.3099999999997,3689
2026-06-23T16:00:00+00:00,298.3099999999997,299.03999999999974,298.19999999999976,298.4899999999997,2949
2026-06-23T16:15:00+00:00,298.4899999999997,299.16999999999973,298.4399999999997,298.82999999999976,3222
2026-06-23T16:30:00+00:00,298.82999999999976,299.1199999999997,298.4899999999997,298.84999999999974,2710
2026-06-23T16:45:00+00:00,298.84999999999974,299.53999999999974,298.64999999999975,299.2499999999997,2697
2026-06-23T17:00:00+00:00,299.2499999999997,299.64999999999975,298.16999999999973,299.28999999999974,2684
2026-06-23T17:15:00+00:00,299.28999999999974,299.76999999999975,299.1799999999997,299.64999999999975,1914
2026-06-23T17:30:00+00:00,299.64999999999975,300.06999999999977,299.3099999999997,299.62999999999977,2069
2026-06-23T17:45:00+00:00,299.62999999999977,300.34999999999974,299.1799999999997,299.20999999999975,2686
2026-06-23T18:00:00+00:00,299.20999999999975,299.64999999999975,298.71999999999974,299.0499999999997,2475
2026-06-23T18:15:00+00:00,299.0499999999997,299.14999999999975,298.57999999999976,298.76999999999975,2532
2026-06-23T18:30:00+00:00,298.76999999999975,298.90999999999974,297.9899999999997,298.15999999999974,2454
2026-06-23T18:45:00+00:00,298.15999999999974,298.4999999999997,297.69999999999976,297.7999999999997,2535
2026-06-23T19:00:00+00:00,297.7999999999997,298.13999999999976,297.0499999999997,297.12999999999977,2878
2026-06-23T19:15:00+00:00,297.12999999999977,297.16999999999973,295.58999999999975,296.10999999999973,3323
2026-06-23T19:30:00+00:00,296.10999999999973,296.70999999999975,295.72999999999973,295.9899999999997,3657
2026-06-23T19:45:00+00:00,295.9899999999997,296.75999999999976,294.44999999999976,294.5499999999997,5406
2026-06-24T13:30:00+00:00,294.5499999999997,296.70999999999975,293.4399999999997,295.87999999999977,3326
2026-06-24T13:45:00+00:00,295.87999999999977,296.5499999999997,294.72999999999973,295.0499999999997,3326
2026-06-24T14:00:00+00:00,295.0499999999997,295.76999999999975,294.4999999999997,295.08999999999975,3220
2026-06-24T14:15:00+00:00,295.08999999999975,296.4899999999997,294.94999999999976,295.6899999999997,3011
2026-06-24T14:30:00+00:00,295.6899999999997,296.8699999999997,295.37999999999977,296.70999999999975,2642
2026-06-24T14:45:00+00:00,296.70999999999975,297.53999999999974,296.6899999999997,297.38999999999976,2584.0017793594307
2026-06-24T15:00:00+00:00,297.38999999999976,297.90999999999974,296.95999999999975,297.81999999999977,2571
2026-06-24T15:15:00+00:00,297.81999999999977,299.20999999999975,297.4299999999998,299.09999999999974,2458
2026-06-24T15:30:00+00:00,299.09999999999974,299.81999999999977,298.4899999999997,298.50999999999976,2631
2026-06-24T15:45:00+00:00,298.50999999999976,300.02999999999975,298.40999999999974,299.75999999999976,2311
2026-06-24T16:00:00+00:00,299.75999999999976,299.8099999999998,298.91999999999973,299.01999999999975,1996
2026-06-24T16:15:00+00:00,299.01999999999975,299.22999999999973,298.13999999999976,298.38999999999976,1814
2026-06-24T16:30:00+00:00,298.38999999999976,298.38999999999976,297.45999999999975,297.58999999999975,2266
2026-06-24T16:45:00+00:00,297.58999999999975,297.9299999999998,297.16999999999973,297.6799999999998,1890
2026-06-24T17:00:00+00:00,297.6799999999998,297.70999999999975,296.64999999999975,296.95999999999975,2002
2026-06-24T17:15:00+00:00,296.95999999999975,297.22999999999973,296.13999999999976,296.71999999999974,2931
2026-06-24T17:30:00+00:00,296.71999999999974,297.18999999999977,296.07999999999976,296.1799999999998,3228
2026-06-24T17:45:00+00:00,296.1799999999998,296.64999999999975,295.89999999999975,295.91999999999973,2754
2026-06-24T18:00:00+00:00,295.91999999999973,296.7999999999997,295.7399999999997,295.85999999999973,2947
2026-06-24T18:15:00+00:00,295.85999999999973,296.52999999999975,295.85999999999973,296.3099999999998,2016
2026-06-24T18:30:00+00:00,296.3099999999998,296.51999999999975,295.19999999999976,295.53999999999974,2509
2026-06-24T18:45:00+00:00,295.53999999999974,295.57999999999976,294.4899999999997,295.50999999999976,2575
2026-06-24T19:00:00+00:00,295.50999999999976,295.76999999999975,295.0599999999998,295.33999999999975,2202
2026-06-24T19:15:00+00:00,295.33999999999975,295.5599999999998,295.13999999999976,295.26999999999975,1859
2026-06-24T19:30:00+00:00,295.26999999999975,295.46999999999974,294.78999999999974,295.34999999999974,2161
2026-06-24T19:45:00+00:00,295.34999999999974,295.70999999999975,293.2499999999998,293.62999999999977,4634
2026-06-25T13:30:00+00:00,293.62999999999977,293.62999999999977,278.18999999999977,278.33999999999975,8346
2026-06-25T13:45:00+00:00,278.33999999999975,280.2499999999998,277.97999999999973,279.18999999999977,8539
2026-06-25T14:00:00+00:00,279.18999999999977,280.4899999999997,278.28999999999974,278.7399999999997,7142
2026-06-25T14:15:00+00:00,278.7399999999997,280.09999999999974,277.78999999999974,279.93999999999977,7406
2026-06-25T14:30:00+00:00,279.93999999999977,280.35999999999973,278.94999999999976,280.02999999999975,7316
2026-06-25T14:45:00+00:00,280.02999999999975,280.27999999999975,277.8099999999998,277.9299999999998,7864
2026-06-25T15:00:00+00:00,277.9299999999998,278.40999999999974,277.10999999999973,277.35999999999973,6120
2026-06-25T15:15:00+00:00,277.35999999999973,278.2999999999997,276.75999999999976,277.93999999999977,7769
2026-06-25T15:30:00+00:00,277.93999999999977,279.7999999999997,277.87999999999977,279.5599999999998,7556
2026-06-25T15:45:00+00:00,279.5599999999998,279.95999999999975,277.97999999999973,278.16999999999973,7012
2026-06-25T16:00:00+00:00,278.16999999999973,278.50999999999976,276.63999999999976,276.76999999999975,6657
2026-06-25T16:15:00+00:00,276.76999999999975,276.97999999999973,274.7999999999997,274.8699999999998,6173
2026-06-25T16:30:00+00:00,274.8699999999998,275.33999999999975,274.08999999999975,275.02999999999975,6639
2026-06-25T16:45:00+00:00,275.02999999999975,275.46999999999974,274.43999999999977,275.44999999999976,6031
2026-06-25T17:00:00+00:00,275.44999999999976,277.8699999999998,275.2999999999997,277.50999999999976,5960
2026-06-25T17:15:00+00:00,277.50999999999976,278.66999999999973,277.33999999999975,278.3099999999998,6004
2026-06-25T17:30:00+00:00,278.3099999999998,278.44999999999976,277.28999999999974,277.40999999999974,6000
2026-06-25T17:45:00+00:00,277.40999999999974,277.40999999999974,276.4999999999998,277.07999999999976,6459
2026-06-25T18:00:00+00:00,277.07999999999976,279.19999999999976,276.5599999999998,278.58999999999975,7677
2026-06-25T18:15:00+00:00,278.58999999999975,280.50999999999976,278.3699999999998,279.65999999999974,6340
2026-06-25T18:30:00+00:00,279.65999999999974,280.5499999999997,279.13999999999976,280.08999999999975,5953
2026-06-25T18:45:00+00:00,280.08999999999975,280.08999999999975,279.34999999999974,279.70999999999975,5235
2026-06-25T19:00:00+00:00,279.70999999999975,279.76999999999975,276.63999999999976,276.81999999999977,5611
2026-06-25T19:15:00+00:00,276.81999999999977,278.40999999999974,276.3699999999998,277.0499999999997,6738
2026-06-25T19:30:00+00:00,277.0499999999997,277.3699999999998,275.66999999999973,275.6799999999998,6301
2026-06-25T19:45:00+00:00,275.6799999999998,277.6799999999998,274.2399999999997,275.51999999999975,7040
2026-06-26T13:30:00+00:00,275.51999999999975,278.44999999999976,274.53999999999974,277.14999999999975,4688
2026-06-26T13:45:00+00:00,277.14999999999975,277.57999999999976,275.77999999999975,275.94999999999976,4419
2026-06-26T14:00:00+00:00,275.94999999999976,278.66999999999973,275.8099999999998,278.4899999999997,4187
2026-06-26T14:15:00+00:00,278.4899999999997,279.25999999999976,277.2399999999997,278.5599999999998,3896
2026-06-26T14:30:00+00:00,278.5599999999998,280.34999999999974,278.40999999999974,279.6799999999998,3829
2026-06-26T14:45:00+00:00,279.6799999999998,280.53999999999974,279.2399999999997,280.14999999999975,3730.2464282895257
2026-06-26T15:00:00+00:00,280.14999999999975,280.77999999999975,279.4799999999998,279.8599999999998,3979
2026-06-26T15:15:00+00:00,279.8599999999998,280.31999999999977,278.6799999999998,279.2899999999998,3587
2026-06-26T15:30:00+00:00,279.2899999999998,279.76999999999975,277.8499999999998,278.4099999999998,3662
2026-06-26T15:45:00+00:00,278.4099999999998,278.6799999999998,277.31999999999977,277.46999999999974,3724
2026-06-26T16:00:00+00:00,277.46999999999974,277.62999999999977,275.8699999999998,276.27999999999975,3422
2026-06-26T16:15:00+00:00,276.27999999999975,276.9199999999998,275.5499999999998,276.1699999999998,3256
2026-06-26T16:30:00+00:00,276.1699999999998,278.4199999999998,276.1699999999998,278.3499999999998,2849
2026-06-26T16:45:00+00:00,278.3499999999998,279.6799999999998,278.21999999999974,279.2299999999998,2852
2026-06-26T17:00:00+00:00,279.2299999999998,279.6799999999998,278.7299999999998,279.13999999999976,2324
2026-06-26T17:15:00+00:00,279.13999999999976,279.6199999999998,278.87999999999977,279.4899999999998,2436
2026-06-26T17:30:00+00:00,279.4899999999998,280.1699999999998,279.31999999999977,279.68999999999977,2482
2026-06-26T17:45:00+00:00,279.68999999999977,280.00999999999976,278.9299999999998,279.51999999999975,2226
2026-06-26T18:00:00+00:00,279.51999999999975,281.6099999999998,279.20999999999975,281.33999999999975,2783
2026-06-26T18:15:00+00:00,281.33999999999975,281.6199999999998,280.12999999999977,280.4999999999998,2774
2026-06-26T18:30:00+00:00,280.4999999999998,282.1199999999998,280.3699999999998,281.46999999999974,3119
2026-06-26T18:45:00+00:00,281.46999999999974,281.64999999999975,280.5499999999998,280.9999999999998,2918
2026-06-26T19:00:00+00:00,280.9999999999998,282.12999999999977,280.62999999999977,281.69999999999976,2843
2026-06-26T19:15:00+00:00,281.69999999999976,282.13999999999976,279.70999999999975,280.43999999999977,3814
2026-06-26T19:30:00+00:00,280.43999999999977,281.7399999999998,280.37999999999977,281.58999999999975,3239
2026-06-26T19:45:00+00:00,281.58999999999975,286.2399999999998,281.27999999999975,281.8499999999998,5866
2026-06-29T13:30:00+00:00,281.8499999999998,288.50999999999976,281.8499999999998,284.2399999999998,5532
2026-06-29T13:45:00+00:00,284.2399999999998,285.4999999999998,283.81999999999977,284.20999999999975,5226
2026-06-29T14:00:00+00:00,284.20999999999975,284.31999999999977,282.02999999999975,282.1099999999998,5241
2026-06-29T14:15:00+00:00,282.1099999999998,282.6099999999998,280.75999999999976,281.0599999999998,5519
2026-06-29T14:30:00+00:00,281.0599999999998,282.5399999999998,280.64999999999975,281.83999999999975,6382
2026-06-29T14:45:00+00:00,281.83999999999975,283.12999999999977,281.5399999999998,282.12999999999977,5280
2026-06-29T15:00:00+00:00,282.12999999999977,282.43999999999977,281.01999999999975,282.20999999999975,4527
2026-06-29T15:15:00+00:00,282.20999999999975,282.75999999999976,281.82999999999976,282.64999999999975,4252
2026-06-29T15:30:00+00:00,282.64999999999975,283.0599999999998,282.1699999999998,282.9799999999998,3825
2026-06-29T15:45:00+00:00,282.9799999999998,283.31999999999977,281.7499999999998,281.81999999999977,3351
2026-06-29T16:00:00+00:00,281.81999999999977,281.9299999999998,280.64999999999975,280.7299999999998,3319
2026-06-29T16:15:00+00:00,280.7299999999998,281.39999999999975,280.52999999999975,280.81999999999977,2833
2026-06-29T16:30:00+00:00,280.81999999999977,281.1099999999998,280.2399999999998,280.46999999999974,2739
2026-06-29T16:45:00+00:00,280.46999999999974,281.0499999999998,280.18999999999977,280.63999999999976,2127
2026-06-29T17:00:00+00:00,280.63999999999976,280.7999999999998,280.1699999999998,280.38999999999976,2284
2026-06-29T17:15:00+00:00,280.38999999999976,281.8699999999998,280.38999999999976,281.75999999999976,2700
2026-06-29T17:30:00+00:00,281.75999999999976,282.18999999999977,281.6199999999998,281.81999999999977,1891
2026-06-29T17:45:00+00:00,281.81999999999977,282.57999999999976,281.7399999999998,282.31999999999977,2323
2026-06-29T18:00:00+00:00,282.31999999999977,282.3599999999998,281.31999999999977,281.69999999999976,2004
2026-06-29T18:15:00+00:00,281.69999999999976,281.9999999999998,281.1699999999998,281.8499999999998,2138
2026-06-29T18:30:00+00:00,281.8499999999998,282.63999999999976,281.7499999999998,282.4099999999998,2689
2026-06-29T18:45:00+00:00,282.4099999999998,282.57999999999976,281.75999999999976,282.3599999999998,1906
2026-06-29T19:00:00+00:00,282.3599999999998,283.32999999999976,282.21999999999974,282.89999999999975,2265
2026-06-29T19:15:00+00:00,282.89999999999975,283.18999999999977,282.5999999999998,282.9899999999998,2238
2026-06-29T19:30:00+00:00,282.9899999999998,283.0499999999998,281.8499999999998,282.0599999999998,2199
2026-06-29T19:45:00+00:00,282.0599999999998,282.71999999999974,281.5499999999998,282.1099999999998,3534
2026-06-30T13:30:00+00:00,282.1099999999998,285.12999999999977,280.9099999999998,283.4799999999998,3916
2026-06-30T13:45:00+00:00,283.4799999999998,285.62999999999977,283.12999999999977,285.5599999999998,3197
2026-06-30T14:00:00+00:00,285.5599999999998,286.26999999999975,285.02999999999975,286.12999999999977,3639
2026-06-30T14:15:00+00:00,286.12999999999977,286.5599999999998,285.81999999999977,286.25999999999976,2795
2026-06-30T14:30:00+00:00,286.25999999999976,286.5599999999998,285.56999999999977,285.82999999999976,2345
2026-06-30T14:45:00+00:00,285.82999999999976,287.38999999999976,285.6799999999998,287.1199999999998,3078
2026-06-30T15:00:00+00:00,287.1199999999998,287.6699999999998,286.94999999999976,287.14999999999975,1712
2026-06-30T15:15:00+00:00,287.14999999999975,288.94999999999976,286.9199999999998,288.5399999999998,2220
2026-06-30T15:30:00+00:00,288.5399999999998,289.46999999999974,288.44999999999976,288.69999999999976,2335
2026-06-30T15:45:00+00:00,288.69999999999976,289.6799999999998,288.69999999999976,289.0399999999998,1995
2026-06-30T16:00:00+00:00,289.0399999999998,289.4999999999998,288.1099999999998,288.56999999999977,1994
2026-06-30T16:15:00+00:00,288.56999999999977,288.7899999999998,288.2399999999998,288.44999999999976,1637
2026-06-30T16:30:00+00:00,288.44999999999976,289.0599999999998,288.38999999999976,289.01999999999975,1473
2026-06-30T16:45:00+00:00,289.01999999999975,289.51999999999975,288.88999999999976,289.4999999999998,1405
2026-06-30T17:00:00+00:00,289.4999999999998,289.9799999999998,289.20999999999975,289.2999999999998,1565
2026-06-30T17:15:00+00:00,289.2999999999998,289.2999999999998,288.6099999999998,288.7299999999998,1242
2026-06-30T17:30:00+00:00,288.7299999999998,288.88999999999976,288.52999999999975,288.6799999999998,1211
2026-06-30T17:45:00+00:00,288.6799999999998,289.00999999999976,288.46999999999974,288.69999999999976,1155
2026-06-30T18:00:00+00:00,288.69999999999976,289.4899999999998,288.4099999999998,289.26999999999975,1810
2026-06-30T18:15:00+00:00,289.26999999999975,289.3099999999998,288.14999999999975,288.37999999999977,1354
2026-06-30T18:30:00+00:00,288.37999999999977,288.50999999999976,287.4299999999998,287.7499999999998,1666
2026-06-30T18:45:00+00:00,287.7499999999998,287.82999999999976,286.9799999999998,287.3099999999998,1330
2026-06-30T19:00:00+00:00,287.3099999999998,288.00999999999976,287.25999999999976,287.8499999999998,1850
2026-06-30T19:15:00+00:00,287.8499999999998,288.45999999999975,287.56999999999977,287.7999999999998,1947
2026-06-30T19:30:00+00:00,287.7999999999998,288.39999999999975,287.7999999999998,288.20999999999975,1842
2026-06-30T19:45:00+00:00,288.20999999999975,290.21999999999974,287.6799999999998,289.4199999999998,4891
2026-07-01T13:30:00+00:00,289.4199999999998,293.63999999999976,289.4199999999998,291.32999999999976,5575
2026-07-01T13:45:00+00:00,291.32999999999976,292.95999999999975,289.4999999999998,292.7399999999998,4828
2026-07-01T14:00:00+00:00,292.7399999999998,293.4899999999998,291.8599999999998,293.19999999999976,3960
2026-07-01T14:15:00+00:00,293.19999999999976,293.7899999999998,292.18999999999977,293.33999999999975,3246
2026-07-01T14:30:00+00:00,293.33999999999975,295.13999999999976,293.01999999999975,295.1099999999998,3321
2026-07-01T14:45:00+00:00,295.1099999999998,295.37999999999977,294.2899999999998,294.95999999999975,4176.209785259183
2026-07-01T15:00:00+00:00,294.95999999999975,295.65999999999974,294.60999999999973,294.90999999999974,3835
2026-07-01T15:15:00+00:00,294.90999999999974,296.90999999999974,294.81999999999977,296.1199999999997,3321
2026-07-01T15:30:00+00:00,296.1199999999997,296.1199999999997,295.0499999999997,295.26999999999975,3080
2026-07-01T15:45:00+00:00,295.26999999999975,295.7499999999997,294.93999999999977,295.51999999999975,2619
2026-07-01T16:00:00+00:00,295.51999999999975,296.01999999999975,295.35999999999973,295.56999999999977,2031
2026-07-01T16:15:00+00:00,295.56999999999977,295.7999999999997,295.2499999999997,295.27999999999975,2134
2026-07-01T16:30:00+00:00,295.27999999999975,295.37999999999977,294.6199999999997,294.89999999999975,2050
2026-07-01T16:45:00+00:00,294.89999999999975,295.13999999999976,294.43999999999977,294.58999999999975,1915
2026-07-01T17:00:00+00:00,294.58999999999975,294.94999999999976,294.2499999999997,294.7399999999997,2121
2026-07-01T17:15:00+00:00,294.7399999999997,294.77999999999975,294.2499999999997,294.38999999999976,1670
2026-07-01T17:30:00+00:00,294.38999999999976,294.9299999999997,294.2499999999997,294.45999999999975,1831
2026-07-01T17:45:00+00:00,294.45999999999975,295.3099999999997,293.4899999999997,294.01999999999975,2751
2026-07-01T18:00:00+00:00,294.01999999999975,295.14999999999975,292.9999999999997,294.8699999999997,3091
2026-07-01T18:15:00+00:00,294.8699999999997,295.39999999999975,294.62999999999977,295.10999999999973,2078
2026-07-01T18:30:00+00:00,295.10999999999973,295.8699999999997,295.07999999999976,295.71999999999974,2042
2026-07-01T18:45:00+00:00,295.71999999999974,295.7999999999997,294.95999999999975,295.07999999999976,2154
2026-07-01T19:00:00+00:00,295.07999999999976,295.25999999999976,294.72999999999973,294.91999999999973,1873
2026-07-01T19:15:00+00:00,294.91999999999973,295.18999999999977,294.31999999999977,294.31999999999977,1930
2026-07-01T19:30:00+00:00,294.31999999999977,294.6799999999997,294.27999999999975,294.5599999999997,2012
2026-07-01T19:45:00+00:00,294.5599999999997,295.59999999999974,293.9999999999997,294.51999999999975,4264
2026-07-02T13:30:00+00:00,294.51999999999975,301.44999999999976,293.90999999999974,300.62999999999977,5260
2026-07-02T13:45:00+00:00,300.62999999999977,303.10999999999973,300.62999999999977,303.10999999999973,4447
2026-07-02T14:00:00+00:00,303.10999999999973,304.81999999999977,302.95999999999975,304.01999999999975,4454
2026-07-02T14:15:00+00:00,304.01999999999975,305.64999999999975,303.88999999999976,305.2999999999997,4481
2026-07-02T14:30:00+00:00,305.2999999999997,306.95999999999975,305.13999999999976,306.72999999999973,5435
2026-07-02T14:45:00+00:00,306.72999999999973,307.3699999999997,305.63999999999976,307.1899999999997,4888.337111801242
2026-07-02T15:00:00+00:00,307.1899999999997,308.1199999999997,305.7299999999997,307.7099999999997,5311
2026-07-02T15:15:00+00:00,307.7099999999997,307.7299999999997,305.5799999999997,305.6799999999997,4736
2026-07-02T15:30:00+00:00,305.6799999999997,307.2099999999997,305.6799999999997,305.9499999999997,4140
2026-07-02T15:45:00+00:00,305.9499999999997,306.41999999999973,305.5899999999997,305.91999999999973,3846
2026-07-02T16:00:00+00:00,305.91999999999973,307.3999999999997,305.9099999999997,307.3499999999997,3759
2026-07-02T16:15:00+00:00,307.3499999999997,308.7699999999997,307.2499999999997,308.4299999999997,4008
2026-07-02T16:30:00+00:00,308.4299999999997,308.7799999999997,307.3399999999997,307.7299999999997,4170
2026-07-02T16:45:00+00:00,307.7299999999997,308.8299999999997,306.9899999999997,308.6499999999997,3408
2026-07-02T17:00:00+00:00,308.6499999999997,308.7399999999997,307.3999999999997,308.4899999999997,3404
2026-07-02T17:15:00+00:00,308.4899999999997,308.6499999999997,307.5599999999997,308.0999999999997,2886
2026-07-02T17:30:00+00:00,308.0999999999997,308.4899999999997,307.7199999999997,308.4899999999997,2971
2026-07-02T17:45:00+00:00,308.4899999999997,308.60999999999973,307.3999999999997,307.6499999999997,2999
2026-07-02T18:00:00+00:00,307.6499999999997,308.10999999999973,307.41999999999973,307.9299999999997,3037
2026-07-02T18:15:00+00:00,307.9299999999997,308.1399999999997,307.1399999999997,307.6199999999997,2407
2026-07-02T18:30:00+00:00,307.6199999999997,308.2099999999997,307.4399999999997,307.8699999999997,2373
2026-07-02T18:45:00+00:00,307.8699999999997,308.41999999999973,307.6499999999997,307.9599999999997,2289
2026-07-02T19:00:00+00:00,307.9599999999997,308.6299999999997,307.66999999999973,308.0899999999997,2688
2026-07-02T19:15:00+00:00,308.0899999999997,308.35999999999973,307.5699999999997,307.7399999999997,2571
2026-07-02T19:30:00+00:00,307.7399999999997,308.8199999999997,307.6299999999997,308.2599999999997,2854
2026-07-02T19:45:00+00:00,308.2599999999997,309.7299999999997,307.5099999999997,308.6299999999997,4706
2026-07-06T13:30:00+00:00,308.6299999999997,310.1599999999997,307.3099999999997,309.5499999999997,5047
2026-07-06T13:45:00+00:00,309.5499999999997,310.2599999999997,308.6999999999997,309.7999999999997,5178
2026-07-06T14:00:00+00:00,309.7999999999997,310.2699999999997,309.1499999999997,310.1399999999997,5215
2026-07-06T14:15:00+00:00,310.1399999999997,312.0899999999997,309.7599999999997,311.9799999999997,4426
2026-07-06T14:30:00+00:00,311.9799999999997,312.1499999999997,311.5299999999997,311.6999999999997,3866
2026-07-06T14:45:00+00:00,311.6999999999997,312.8899999999997,311.5899999999997,312.7999999999997,3372
2026-07-06T15:00:00+00:00,312.7999999999997,313.5199999999997,312.7499999999997,313.1899999999997,3000
2026-07-06T15:15:00+00:00,313.1899999999997,313.91999999999973,312.9799999999997,313.8399999999997,3117
2026-07-06T15:30:00+00:00,313.8399999999997,314.4299999999997,313.66999999999973,314.41999999999973,2687
2026-07-06T15:45:00+00:00,314.41999999999973,314.5099999999997,313.6899999999997,313.9499999999997,2195
2026-07-06T16:00:00+00:00,313.9499999999997,314.0799999999997,313.10999999999973,313.2999999999997,2102
2026-07-06T16:15:00+00:00,313.2999999999997,313.3199999999997,312.5599999999997,312.5699999999997,1959
2026-07-06T16:30:00+00:00,312.5699999999997,313.0799999999997,312.1599999999997,312.8799999999997,2051
2026-07-06T16:45:00+00:00,312.8799999999997,313.2999999999997,312.7499999999997,312.8499999999997,1653
2026-07-06T17:00:00+00:00,312.8499999999997,313.2199999999997,312.6299999999997,313.0399999999997,1623
2026-07-06T17:15:00+00:00,313.0399999999997,313.2299999999997,312.6599999999997,312.6999999999997,1632
2026-07-06T17:30:00+00:00,312.6999999999997,312.9099999999997,312.4299999999997,312.66999999999973,1743
2026-07-06T17:45:00+00:00,312.66999999999973,313.0599999999997,312.6199999999997,313.0599999999997,1494
2026-07-06T18:00:00+00:00,313.0599999999997,313.2899999999997,312.7099999999997,313.2499999999997,1432
2026-07-06T18:15:00+00:00,313.2499999999997,313.4799999999997,313.0899999999997,313.35999999999973,1417
2026-07-06T18:30:00+00:00,313.35999999999973,313.7899999999997,313.1899999999997,313.5399999999997,1416
2026-07-06T18:45:00+00:00,313.5399999999997,313.7999999999997,313.3399999999997,313.5599999999997,1185
2026-07-06T19:00:00+00:00,313.5599999999997,313.7199999999997,313.2699999999997,313.5099999999997,1512
2026-07-06T19:15:00+00:00,313.5099999999997,313.8899999999997,313.3299999999997,313.7399999999997,1448
2026-07-06T19:30:00+00:00,313.7399999999997,314.0699999999997,313.6599999999997,313.91999999999973,1320
2026-07-06T19:45:00+00:00,313.91999999999973,314.0099999999997,312.4299999999997,313.0699999999997,3367
2026-07-07T13:30:00+00:00,313.0699999999997,315.7799999999997,310.4699999999997,312.3499999999997,4394
2026-07-07T13:45:00+00:00,312.3499999999997,313.10999999999973,311.41999999999973,311.8799999999997,3322
2026-07-07T14:00:00+00:00,311.8799999999997,312.8499999999997,311.4299999999997,312.10999999999973,3802
2026-07-07T14:15:00+00:00,312.10999999999973,312.5999999999997,311.4999999999997,311.7199999999997,4265
2026-07-07T14:30:00+00:00,311.7199999999997,313.7399999999997,311.2899999999997,312.8199999999997,4649
2026-07-07T14:45:00+00:00,312.8199999999997,313.2999999999997,312.3299999999997,313.1299999999997,3406
2026-07-07T15:00:00+00:00,313.1299999999997,314.1799999999997,312.9599999999997,313.6199999999997,2873
2026-07-07T15:15:00+00:00,313.6199999999997,314.4299999999997,313.4599999999997,314.4099999999997,2725
2026-07-07T15:30:00+00:00,314.4099999999997,314.7399999999997,314.0599999999997,314.66999999999973,2046
2026-07-07T15:45:00+00:00,314.66999999999973,315.0299999999997,314.4699999999997,314.5799999999997,1867
2026-07-07T16:00:00+00:00,314.5799999999997,314.6799999999997,313.4099999999997,313.4099999999997,2102
2026-07-07T16:15:00+00:00,313.4099999999997,314.35999999999973,312.9599999999997,313.4799999999997,2407
2026-07-07T16:30:00+00:00,313.4799999999997,314.2299999999997,313.0899999999997,313.9099999999997,1571
2026-07-07T16:45:00+00:00,313.9099999999997,314.3399999999997,313.8399999999997,313.91999999999973,1378
2026-07-07T17:00:00+00:00,313.91999999999973,313.9399999999997,312.5899999999997,313.0899999999997,1709
2026-07-07T17:15:00+00:00,313.0899999999997,313.5399999999997,312.9999999999997,313.0899999999997,1541
2026-07-07T17:30:00+00:00,313.0899999999997,313.3099999999997,312.8899999999997,313.0099999999997,1264
2026-07-07T17:45:00+00:00,313.0099999999997,313.2599999999997,312.1799999999997,312.1799999999997,1289
2026-07-07T18:00:00+00:00,312.1799999999997,312.7099999999997,312.16999999999973,312.4999999999997,1791
2026-07-07T18:15:00+00:00,312.4999999999997,313.0399999999997,312.2699999999997,312.9399999999997,1414
2026-07-07T18:30:00+00:00,312.9399999999997,313.4899999999997,312.5799999999997,313.3399999999997,1335
2026-07-07T18:45:00+00:00,313.3399999999997,313.3899999999997,312.16999999999973,312.2999999999997,2091
2026-07-07T19:00:00+00:00,312.2999999999997,312.8199999999997,311.8799999999997,312.1999999999997,2020
2026-07-07T19:15:00+00:00,312.1999999999997,312.60999999999973,311.8799999999997,312.1999999999997,2029
2026-07-07T19:30:00+00:00,312.1999999999997,312.6399999999997,311.8499999999997,312.0199999999997,1914
2026-07-07T19:45:00+00:00,312.0199999999997,312.3999999999997,310.5499999999997,310.9799999999997,3230
2026-07-08T13:30:00+00:00,310.9799999999997,312.2599999999997,308.1299999999997,308.2299999999997,5143
2026-07-08T13:45:00+00:00,308.2299999999997,309.9499999999997,307.3399999999997,309.41999999999973,4701
2026-07-08T14:00:00+00:00,309.41999999999973,310.5399999999997,308.5099999999997,310.1999999999997,4568
2026-07-08T14:15:00+00:00,310.1999999999997,310.9699999999997,309.0899999999997,309.1199999999997,5076
2026-07-08T14:30:00+00:00,309.1199999999997,310.7799999999997,309.0599999999997,310.5899999999997,4860
2026-07-08T14:45:00+00:00,310.5899999999997,310.8899999999997,309.0099999999997,309.21999999999974,4373.321710193157
2026-07-08T15:00:00+00:00,309.21999999999974,310.5699999999997,309.10999999999973,310.27999999999975,4020
2026-07-08T15:15:00+00:00,310.27999999999975,311.16999999999973,310.21999999999974,310.4299999999997,3311
2026-07-08T15:30:00+00:00,310.4299999999997,310.46999999999974,309.64999999999975,309.8699999999997,3235
2026-07-08T15:45:00+00:00,309.8699999999997,310.78999999999974,309.77999999999975,310.5699999999997,2741
2026-07-08T16:00:00+00:00,310.5699999999997,311.5699999999997,310.39999999999975,310.7999999999997,3051
2026-07-08T16:15:00+00:00,310.7999999999997,312.1199999999997,310.7999999999997,311.91999999999973,2719
2026-07-08T16:30:00+00:00,311.91999999999973,312.63999999999976,311.6899999999997,312.4999999999997,2501
2026-07-08T16:45:00+00:00,312.4999999999997,313.6799999999997,312.40999999999974,313.45999999999975,2018
2026-07-08T17:00:00+00:00,313.45999999999975,314.44999999999976,313.34999999999974,314.20999999999975,2215
2026-07-08T17:15:00+00:00,314.20999999999975,314.5499999999997,313.57999999999976,314.47999999999973,2479
2026-07-08T17:30:00+00:00,314.47999999999973,314.91999999999973,314.22999999999973,314.7999999999997,2373
2026-07-08T17:45:00+00:00,314.7999999999997,314.9899999999997,314.51999999999975,314.70999999999975,1935
2026-07-08T18:00:00+00:00,314.70999999999975,315.16999999999973,314.53999999999974,314.90999999999974,2126
2026-07-08T18:15:00+00:00,314.90999999999974,314.9899999999997,314.4299999999997,314.45999999999975,1646
2026-07-08T18:30:00+00:00,314.45999999999975,314.57999999999976,314.07999999999976,314.2999999999997,1469
2026-07-08T18:45:00+00:00,314.2999999999997,314.7599999999997,314.16999999999973,314.21999999999974,1493
2026-07-08T19:00:00+00:00,314.21999999999974,314.5499999999997,314.07999999999976,314.2599999999997,1758
2026-07-08T19:15:00+00:00,314.2599999999997,314.4299999999997,313.97999999999973,314.1799999999997,1601
2026-07-08T19:30:00+00:00,314.1799999999997,314.5499999999997,313.4399999999997,313.4399999999997,1903
2026-07-08T19:45:00+00:00,313.4399999999997,314.3199999999997,313.07999999999976,313.71999999999974,2803
2026-07-09T13:30:00+00:00,313.71999999999974,313.71999999999974,308.45999999999975,311.21999999999974,4047
2026-07-09T13:45:00+00:00,311.21999999999974,312.15999999999974,310.9899999999997,311.22999999999973,3296
2026-07-09T14:00:00+00:00,311.22999999999973,312.2599999999997,310.51999999999975,311.1899999999997,3034
2026-07-09T14:15:00+00:00,311.1899999999997,312.64999999999975,310.70999999999975,312.38999999999976,3338
2026-07-09T14:30:00+00:00,312.38999999999976,312.7399999999997,311.85999999999973,311.9399999999997,3039
2026-07-09T14:45:00+00:00,311.9399999999997,312.0599999999997,311.03999999999974,311.88999999999976,2736
2026-07-09T15:00:00+00:00,311.88999999999976,312.78999999999974,311.84999999999974,312.78999999999974,2350
2026-07-09T15:15:00+00:00,312.78999999999974,315.20999999999975,312.70999999999975,314.8099999999997,2516
2026-07-09T15:30:00+00:00,314.8099999999997,315.35999999999973,314.64999999999975,314.95999999999975,2079
2026-07-09T15:45:00+00:00,314.95999999999975,315.27999999999975,314.7999999999997,315.10999999999973,1637
2026-07-09T16:00:00+00:00,315.10999999999973,315.5099999999997,314.5699999999997,314.85999999999973,1801
2026-07-09T16:15:00+00:00,314.85999999999973,315.5499999999997,314.41999999999973,315.27999999999975,1590
2026-07-09T16:30:00+00:00,315.27999999999975,315.83999999999975,315.20999999999975,315.2999999999997,1603
2026-07-09T16:45:00+00:00,315.2999999999997,315.46999999999974,314.76999999999975,315.0599999999997,1652
2026-07-09T17:00:00+00:00,315.0599999999997,315.52999999999975,314.9299999999997,315.35999999999973,1361
2026-07-09T17:15:00+00:00,315.35999999999973,315.4399999999997,314.6299999999997,315.09999999999974,1357
2026-07-09T17:30:00+00:00,315.09999999999974,315.20999999999975,314.77999999999975,315.1899999999997,1258
2026-07-09T17:45:00+00:00,315.1899999999997,315.4299999999997,314.95999999999975,315.35999999999973,1219
2026-07-09T18:00:00+00:00,315.35999999999973,315.64999999999975,314.82999999999976,315.13999999999976,1384
2026-07-09T18:15:00+00:00,315.13999999999976,315.22999999999973,314.5599999999997,314.90999999999974,1177
2026-07-09T18:30:00+00:00,314.90999999999974,315.1299999999997,314.71999999999974,315.02999999999975,1209
2026-07-09T18:45:00+00:00,315.02999999999975,315.1299999999997,314.58999999999975,314.78999999999974,1126
2026-07-09T19:00:00+00:00,314.78999999999974,315.5099999999997,314.72999999999973,315.5099999999997,947
2026-07-09T19:15:00+00:00,315.5099999999997,316.02999999999975,315.4999999999997,315.77999999999975,1213
2026-07-09T19:30:00+00:00,315.77999999999975,316.53999999999974,315.71999999999974,316.4899999999997,1417
2026-07-09T19:45:00+00:00,316.4899999999997,316.89999999999975,315.9899999999997,316.5499999999997,2119
2026-07-10T13:30:00+00:00,316.5499999999997,316.66999999999973,313.57999999999976,315.02999999999975,4362
2026-07-10T13:45:00+00:00,315.02999999999975,315.5099999999997,314.35999999999973,314.65999999999974,3822
2026-07-10T14:00:00+00:00,314.65999999999974,315.0699999999997,313.71999999999974,314.0599999999997,3786
2026-07-10T14:15:00+00:00,314.0599999999997,314.26999999999975,313.27999999999975,313.41999999999973,3635
2026-07-10T14:30:00+00:00,313.41999999999973,313.6199999999997,312.5599999999997,313.2499999999997,5077
2026-07-10T14:45:00+00:00,313.2499999999997,314.2399999999997,313.0099999999997,314.08999999999975,3495.4688012495117
2026-07-10T15:00:00+00:00,314.08999999999975,314.41999999999973,313.31999999999977,314.16999999999973,2918
2026-07-10T15:15:00+00:00,314.16999999999973,314.4299999999998,313.62999999999977,313.68999999999977,2669
2026-07-10T15:30:00+00:00,313.68999999999977,314.12999999999977,313.2499999999998,313.45999999999975,2373
2026-07-10T15:45:00+00:00,313.45999999999975,313.75999999999976,312.63999999999976,313.5599999999998,2321
2026-07-10T16:00:00+00:00,313.5599999999998,314.57999999999976,313.37999999999977,314.4999999999998,2175
2026-07-10T16:15:00+00:00,314.4999999999998,314.85999999999973,314.37999999999977,314.63999999999976,2164
2026-07-10T16:30:00+00:00,314.63999999999976,314.97999999999973,314.2499999999998,314.77999999999975,1990
2026-07-10T16:45:00+00:00,314.77999999999975,315.1199999999998,314.68999999999977,314.9899999999997,1675
2026-07-10T17:00:00+00:00,314.9899999999997,315.07999999999976,314.45999999999975,314.56999999999977,1759
2026-07-10T17:15:00+00:00,314.56999999999977,314.87999999999977,314.51999999999975,314.82999999999976,1519
2026-07-10T17:30:00+00:00,314.82999999999976,314.89999999999975,314.21999999999974,314.2399999999997,1544
2026-07-10T17:45:00+00:00,314.2399999999997,314.76999999999975,314.21999999999974,314.45999999999975,1509
2026-07-10T18:00:00+00:00,314.45999999999975,314.6799999999998,314.33999999999975,314.4899999999997,1621
2026-07-10T18:15:00+00:00,314.4899999999997,315.21999999999974,314.46999999999974,315.12999999999977,1460
2026-07-10T18:30:00+00:00,315.12999999999977,315.31999999999977,315.06999999999977,315.25999999999976,1403
2026-07-10T18:45:00+00:00,315.25999999999976,315.7399999999997,315.22999999999973,315.58999999999975,1375
2026-07-10T19:00:00+00:00,315.58999999999975,316.46999999999974,315.52999999999975,316.2999999999997,1604
2026-07-10T19:15:00+00:00,316.2999999999997,316.7999999999997,316.2399999999997,316.4999999999998,1333
2026-07-10T19:30:00+00:00,316.4999999999998,317.2499999999998,316.35999999999973,316.94999999999976,1559
2026-07-10T19:45:00+00:00,316.94999999999976,317.10999999999973,315.06999999999977,315.63999999999976,2329
2026-07-13T13:30:00+00:00,315.63999999999976,322.8099999999998,315.63999999999976,322.75999999999976,4235
2026-07-13T13:45:00+00:00,322.75999999999976,323.71999999999974,320.83999999999975,321.51999999999975,4098
2026-07-13T14:00:00+00:00,321.51999999999975,322.09999999999974,320.93999999999977,321.45999999999975,3186
2026-07-13T14:15:00+00:00,321.45999999999975,321.7399999999997,319.66999999999973,320.50999999999976,3130
2026-07-13T14:30:00+00:00,320.50999999999976,320.59999999999974,318.95999999999975,319.0499999999997,2820
2026-07-13T14:45:00+00:00,319.0499999999997,319.87999999999977,318.6799999999998,319.37999999999977,3119
2026-07-13T15:00:00+00:00,319.37999999999977,319.51999999999975,318.21999999999974,318.2399999999997,2781
2026-07-13T15:15:00+00:00,318.2399999999997,318.46999999999974,317.15999999999974,317.53999999999974,2611
2026-07-13T15:30:00+00:00,317.53999999999974,317.53999999999974,316.41999999999973,316.7499999999998,2629
2026-07-13T15:45:00+00:00,316.7499999999998,317.53999999999974,316.72999999999973,317.39999999999975,2218
2026-07-13T16:00:00+00:00,317.39999999999975,318.19999999999976,317.09999999999974,317.9299999999998,2213
2026-07-13T16:15:00+00:00,317.9299999999998,318.03999999999974,317.18999999999977,317.66999999999973,2380
2026-07-13T16:30:00+00:00,317.66999999999973,317.75999999999976,316.2399999999997,316.77999999999975,3187
2026-07-13T16:45:00+00:00,316.77999999999975,317.12999999999977,316.4899999999997,316.87999999999977,2179
2026-07-13T17:00:00+00:00,316.87999999999977,317.0499999999997,316.33999999999975,316.40999999999974,1974
2026-07-13T17:15:00+00:00,316.40999999999974,316.87999999999977,316.1199999999998,316.72999999999973,1939
2026-07-13T17:30:00+00:00,316.72999999999973,316.93999999999977,316.43999999999977,316.72999999999973,1898
2026-07-13T17:45:00+00:00,316.72999999999973,317.03999999999974,316.33999999999975,316.4899999999997,1749
2026-07-13T18:00:00+00:00,316.4899999999997,316.85999999999973,316.2499999999998,316.62999999999977,1574
2026-07-13T18:15:00+00:00,316.62999999999977,317.14999999999975,316.44999999999976,317.13999999999976,1600
2026-07-13T18:30:00+00:00,317.13999999999976,317.41999999999973,316.90999999999974,317.25999999999976,1739
2026-07-13T18:45:00+00:00,317.25999999999976,317.81999999999977,317.25999999999976,317.44999999999976,1288
2026-07-13T19:00:00+00:00,317.44999999999976,317.84999999999974,316.46999999999974,316.62999999999977,2421
2026-07-13T19:15:00+00:00,316.62999999999977,317.43999999999977,316.51999999999975,316.66999999999973,2197
2026-07-13T19:30:00+00:00,316.66999999999973,317.25999999999976,316.39999999999975,317.16999999999973,1753
2026-07-13T19:45:00+00:00,317.16999999999973,318.08999999999975,317.03999999999974,317.75999999999976,3422
2026-07-14T13:30:00+00:00,317.75999999999976,317.75999999999976,312.16999999999973,315.08999999999975,5088
2026-07-14T13:45:00+00:00,315.08999999999975,315.91999999999973,313.34999999999974,314.76999999999975,4579
2026-07-14T14:00:00+00:00,314.76999999999975,314.82999999999976,313.35999999999973,314.5599999999998,5138
2026-07-14T14:15:00+00:00,314.5599999999998,315.45999999999975,313.64999999999975,315.2499999999998,4410
2026-07-14T14:30:00+00:00,315.2499999999998,316.44999999999976,315.01999999999975,315.75999999999976,4469
2026-07-14T14:45:00+00:00,315.75999999999976,315.83999999999975,314.34999999999974,315.25999999999976,3870
2026-07-14T15:00:00+00:00,315.25999999999976,316.37999999999977,315.1199999999998,315.9299999999998,4396
2026-07-14T15:15:00+00:00,315.9299999999998,316.09999999999974,314.58999999999975,314.59999999999974,4003
2026-07-14T15:30:00+00:00,314.59999999999974,315.16999999999973,314.08999999999975,314.69999999999976,3993
2026-07-14T15:45:00+00:00,314.69999999999976,314.7999999999997,313.50999999999976,313.56999999999977,3486
2026-07-14T16:00:00+00:00,313.56999999999977,314.52999999999975,313.18999999999977,314.33999999999975,3419
2026-07-14T16:15:00+00:00,314.33999999999975,314.41999999999973,313.18999999999977,313.5599999999998,2827
2026-07-14T16:30:00+00:00,313.5599999999998,314.1799999999998,313.38999999999976,313.7999999999997,2979
2026-07-14T16:45:00+00:00,313.7999999999997,314.53999999999974,313.6799999999998,314.39999999999975,2705
2026-07-14T17:00:00+00:00,314.39999999999975,315.2999999999997,314.1799999999998,314.72999999999973,2612
2026-07-14T17:15:00+00:00,314.72999999999973,315.2999999999997,314.51999999999975,315.15999999999974,1938
2026-07-14T17:30:00+00:00,315.15999999999974,315.34999999999974,314.91999999999973,315.09999999999974,1767
2026-07-14T17:45:00+00:00,315.09999999999974,315.57999999999976,314.90999999999974,315.45999999999975,1427
2026-07-14T18:00:00+00:00,315.45999999999975,315.6799999999998,315.3699999999998,315.60999999999973,1369
2026-07-14T18:15:00+00:00,315.60999999999973,315.6199999999998,315.16999999999973,315.4899999999997,1390
2026-07-14T18:30:00+00:00,315.4899999999997,315.77999999999975,315.02999999999975,315.45999999999975,1886
2026-07-14T18:45:00+00:00,315.45999999999975,315.93999999999977,315.33999999999975,315.75999999999976,1829
2026-07-14T19:00:00+00:00,315.75999999999976,316.1799999999998,315.4299999999998,315.7399999999997,1929
2026-07-14T19:15:00+00:00,315.7399999999997,316.19999999999976,315.62999999999977,315.9999999999998,1473
2026-07-14T19:30:00+00:00,315.9999999999998,316.07999999999976,315.43999999999977,315.62999999999977,2197
2026-07-14T19:45:00+00:00,315.62999999999977,315.97999999999973,314.90999999999974,315.27999999999975,2808
2026-07-15T13:30:00+00:00,315.27999999999975,321.4899999999997,315.27999999999975,321.44999999999976,3711
2026-07-15T13:45:00+00:00,321.44999999999976,322.13999999999976,320.22999999999973,321.0599999999998,4560
2026-07-15T14:00:00+00:00,321.0599999999998,325.3099999999998,320.97999999999973,325.0599999999998,4216
2026-07-15T14:15:00+00:00,325.0599999999998,325.9899999999997,324.5499999999997,325.0599999999998,4354
2026-07-15T14:30:00+00:00,325.0599999999998,325.35999999999973,323.84999999999974,324.45999999999975,3985
2026-07-15T14:45:00+00:00,324.45999999999975,325.72999999999973,324.03999999999974,324.2399999999997,3368.592384769539
2026-07-15T15:00:00+00:00,324.2399999999997,324.65999999999974,323.88999999999976,324.5699999999997,2551
2026-07-15T15:15:00+00:00,324.5699999999997,326.0099999999997,324.35999999999973,325.91999999999973,3093
2026-07-15T15:30:00+00:00,325.91999999999973,327.4399999999997,325.46999999999974,326.89999999999975,3340
2026-07-15T15:45:00+00:00,326.89999999999975,327.35999999999973,325.5099999999997,326.59999999999974,2788
2026-07-15T16:00:00+00:00,326.59999999999974,327.70999999999975,326.58999999999975,327.46999999999974,2725
2026-07-15T16:15:00+00:00,327.46999999999974,328.8799999999997,327.40999999999974,328.46999999999974,3061
2026-07-15T16:30:00+00:00,328.46999999999974,328.8099999999997,327.6299999999997,328.4899999999997,3305
2026-07-15T16:45:00+00:00,328.4899999999997,328.58999999999975,327.65999999999974,328.3099999999997,2493
2026-07-15T17:00:00+00:00,328.3099999999997,328.39999999999975,326.8199999999997,326.9299999999997,2055
2026-07-15T17:15:00+00:00,326.9299999999997,327.51999999999975,326.28999999999974,327.32999999999976,1980
2026-07-15T17:30:00+00:00,327.32999999999976,328.3199999999997,326.95999999999975,327.57999999999976,1865
2026-07-15T17:45:00+00:00,327.57999999999976,328.0499999999997,327.4999999999997,327.91999999999973,1635
2026-07-15T18:00:00+00:00,327.91999999999973,328.02999999999975,327.4899999999997,327.9299999999997,1452
2026-07-15T18:15:00+00:00,327.9299999999997,328.22999999999973,327.5099999999997,328.08999999999975,1332
2026-07-15T18:30:00+00:00,328.08999999999975,328.1899999999997,327.78999999999974,328.0099999999997,1337
2026-07-15T18:45:00+00:00,328.0099999999997,328.03999999999974,327.40999999999974,327.88999999999976,1612
2026-07-15T19:00:00+00:00,327.88999999999976,329.0699999999997,327.8199999999997,328.1799999999997,1905
2026-07-15T19:15:00+00:00,328.1799999999997,328.3099999999997,327.19999999999976,327.41999999999973,1596
2026-07-15T19:30:00+00:00,327.41999999999973,327.41999999999973,326.1799999999997,326.22999999999973,1849
2026-07-15T19:45:00+00:00,326.22999999999973,328.69999999999976,326.0699999999997,327.96999999999974,3436
2026-07-16T13:30:00+00:00,327.96999999999974,329.2599999999997,327.1199999999997,328.1199999999997,6176
2026-07-16T13:45:00+00:00,328.1199999999997,331.39999999999975,328.09999999999974,331.39999999999975,5647
2026-07-16T14:00:00+00:00,331.39999999999975,331.70999999999975,328.22999999999973,328.9999999999997,4796
2026-07-16T14:15:00+00:00,328.9999999999997,330.95999999999975,328.69999999999976,330.71999999999974,3763
2026-07-16T14:30:00+00:00,330.71999999999974,331.4399999999997,330.52999999999975,330.9999999999997,3304
2026-07-16T14:45:00+00:00,330.9999999999997,331.20999999999975,330.10999999999973,330.46999999999974,3419
2026-07-16T15:00:00+00:00,330.46999999999974,330.94999999999976,329.6899999999997,330.8099999999997,3363
2026-07-16T15:15:00+00:00,330.8099999999997,331.2499999999997,330.14999999999975,330.9899999999997,3222
2026-07-16T15:30:00+00:00,330.9899999999997,331.88999999999976,330.7999999999997,331.6299999999997,3250
2026-07-16T15:45:00+00:00,331.6299999999997,332.6199999999997,331.52999999999975,332.14999999999975,2821
2026-07-16T16:00:00+00:00,332.14999999999975,332.3199999999997,330.96999999999974,330.96999999999974,3268
2026-07-16T16:15:00+00:00,330.96999999999974,331.72999999999973,330.70999999999975,331.51999999999975,3181
2026-07-16T16:30:00+00:00,331.51999999999975,331.7499999999997,330.20999999999975,330.76999999999975,2774
2026-07-16T16:45:00+00:00,330.76999999999975,332.3699999999997,330.65999999999974,332.35999999999973,3164
2026-07-16T17:00:00+00:00,332.35999999999973,332.70999999999975,332.0599999999997,332.14999999999975,2228
2026-07-16T17:15:00+00:00,332.14999999999975,333.32999999999976,332.0699999999997,333.2499999999997,2189
2026-07-16T17:30:00+00:00,333.2499999999997,333.90999999999974,332.65999999999974,332.65999999999974,2763
2026-07-16T17:45:00+00:00,332.65999999999974,332.85999999999973,331.1299999999997,331.91999999999973,3304
2026-07-16T18:00:00+00:00,331.91999999999973,332.19999999999976,329.8699999999997,329.9299999999997,4147
2026-07-16T18:15:00+00:00,329.9299999999997,331.90999999999974,329.65999999999974,331.5499999999997,3825
2026-07-16T18:30:00+00:00,331.5499999999997,332.40999999999974,331.22999999999973,332.2499999999997,2883
2026-07-16T18:45:00+00:00,332.2499999999997,333.85999999999973,332.15999999999974,333.51999999999975,2516
2026-07-16T19:00:00+00:00,333.51999999999975,335.01999999999975,333.35999999999973,334.4899999999997,2726
2026-07-16T19:15:00+00:00,334.4899999999997,334.71999999999974,333.3199999999997,333.34999999999974,2638
2026-07-16T19:30:00+00:00,333.34999999999974,333.44999999999976,332.44999999999976,332.57999999999976,2742
2026-07-16T19:45:00+00:00,332.57999999999976,334.02999999999975,331.15999999999974,333.53999999999974,4119
2026-07-17T13:30:00+00:00,333.53999999999974,335.2499999999997,331.59999999999974,334.16999999999973,5391
2026-07-17T13:45:00+00:00,334.16999999999973,334.69999999999976,331.19999999999976,331.2399999999997,4803
2026-07-17T14:00:00+00:00,331.2399999999997,331.2399999999997,329.3699999999997,330.7399999999997,5509
2026-07-17T14:15:00+00:00,330.7399999999997,332.1899999999997,330.15999999999974,332.14999999999975,4769
2026-07-17T14:30:00+00:00,332.14999999999975,334.3099999999997,332.14999999999975,333.40999999999974,4863
2026-07-17T14:45:00+00:00,333.40999999999974,333.9299999999997,332.32999999999976,333.51999999999975,3416
2026-07-17T15:00:00+00:00,333.51999999999975,334.3199999999997,332.85999999999973,334.1299999999997,3052
2026-07-17T15:15:00+00:00,334.1299999999997,335.09999999999974,333.70999999999975,334.97999999999973,3396
2026-07-17T15:30:00+00:00,334.97999999999973,335.19999999999976,333.46999999999974,334.03999999999974,3808
2026-07-17T15:45:00+00:00,334.03999999999974,334.03999999999974,332.3699999999997,332.63999999999976,3453
2026-07-17T16:00:00+00:00,332.63999999999976,332.71999999999974,330.35999999999973,330.64999999999975,4442
2026-07-17T16:15:00+00:00,330.64999999999975,332.26999999999975,330.64999999999975,332.02999999999975,3760
2026-07-17T16:30:00+00:00,332.02999999999975,332.70999999999975,331.78999999999974,332.57999999999976,2678
2026-07-17T16:45:00+00:00,332.57999999999976,333.35999999999973,330.8099999999997,330.8699999999997,2918
2026-07-17T17:00:00+00:00,330.8699999999997,331.07999999999976,329.77999999999975,329.7999999999997,2650
2026-07-17T17:15:00+00:00,329.7999999999997,331.19999999999976,329.4999999999997,330.8699999999997,2397
2026-07-17T17:30:00+00:00,330.8699999999997,331.2999999999997,330.4299999999997,331.16999999999973,1911
2026-07-17T17:45:00+00:00,331.16999999999973,332.2599999999997,330.8099999999997,332.08999999999975,1868
2026-07-17T18:00:00+00:00,332.08999999999975,333.57999999999976,331.8699999999997,332.94999999999976,2386
2026-07-17T18:15:00+00:00,332.94999999999976,332.9899999999997,332.3799999999997,332.6799999999997,2033
2026-07-17T18:30:00+00:00,332.6799999999997,334.03999999999974,332.4399999999997,333.88999999999976,2036
2026-07-17T18:45:00+00:00,333.88999999999976,335.01999999999975,333.8199999999997,334.2399999999997,2345
2026-07-17T19:00:00+00:00,334.2399999999997,334.90999999999974,333.95999999999975,333.95999999999975,1942
2026-07-17T19:15:00+00:00,333.95999999999975,334.28999999999974,332.6299999999997,333.16999999999973,2052
2026-07-17T19:30:00+00:00,333.16999999999973,334.27999999999975,332.58999999999975,334.22999999999973,2960
2026-07-17T19:45:00+00:00,334.22999999999973,334.7399999999997,333.60999999999973,334.07999999999976,3211
2026-07-20T13:30:00+00:00,334.07999999999976,334.07999999999976,330.0599999999997,330.5699999999997,5837
2026-07-20T13:45:00+00:00,330.5699999999997,330.8099999999997,328.41999999999973,328.8699999999997,4391
2026-07-20T14:00:00+00:00,328.8699999999997,328.9999999999997,327.16999999999973,327.21999999999974,3975
2026-07-20T14:15:00+00:00,327.21999999999974,327.38999999999976,326.16999999999973,326.9999999999997,3906
2026-07-20T14:30:00+00:00,326.9999999999997,328.0499999999997,326.59999999999974,327.9399999999997,4127
2026-07-20T14:45:00+00:00,327.9399999999997,327.9499999999997,326.0699999999997,326.4399999999997,3958
2026-07-20T15:00:00+00:00,326.4399999999997,327.01999999999975,324.85999999999973,324.95999999999975,4120
2026-07-20T15:15:00+00:00,324.95999999999975,325.34999999999974,324.4399999999997,324.95999999999975,3987
2026-07-20T15:30:00+00:00,324.95999999999975,326.57999999999976,324.88999999999976,326.0599999999997,3747
2026-07-20T15:45:00+00:00,326.0599999999997,326.5599999999997,325.16999999999973,325.97999999999973,3313
2026-07-20T16:00:00+00:00,325.97999999999973,326.0599999999997,324.97999999999973,325.20999999999975,3162
2026-07-20T16:15:00+00:00,325.20999999999975,325.65999999999974,324.9499999999997,325.02999999999975,3339
2026-07-20T16:30:00+00:00,325.02999999999975,325.1199999999997,323.6799999999997,324.40999999999974,3542
2026-07-20T16:45:00+00:00,324.40999999999974,324.88999999999976,324.0499999999997,324.2999999999997,3198
2026-07-20T17:00:00+00:00,324.2999999999997,325.15999999999974,323.95999999999975,324.78999999999974,3163
2026-07-20T17:15:00+00:00,324.78999999999974,324.9999999999997,324.46999999999974,324.71999999999974,2462
2026-07-20T17:30:00+00:00,324.71999999999974,325.10999999999973,324.2399999999997,324.34999999999974,2743
2026-07-20T17:45:00+00:00,324.34999999999974,325.13999999999976,324.3099999999997,324.7999999999997,2876
2026-07-20T18:00:00+00:00,324.7999999999997,325.8199999999997,324.76999999999975,325.4499999999997,2425
2026-07-20T18:15:00+00:00,325.4499999999997,326.52999999999975,325.4299999999997,326.02999999999975,2507
2026-07-20T18:30:00+00:00,326.02999999999975,326.95999999999975,325.35999999999973,325.47999999999973,3131
2026-07-20T18:45:00+00:00,325.47999999999973,327.3699999999997,325.4399999999997,326.7999999999997,2435
2026-07-20T19:00:00+00:00,326.7999999999997,328.57999999999976,326.76999999999975,328.2499999999997,2551
2026-07-20T19:15:00+00:00,328.2499999999997,329.0599999999997,327.8099999999997,329.03999999999974,2710
2026-07-20T19:30:00+00:00,329.03999999999974,329.77999999999975,327.97999999999973,328.0699999999997,2935
2026-07-20T19:45:00+00:00,328.0699999999997,328.34999999999974,326.3099999999997,326.7999999999997,3387
2026-07-21T13:30:00+00:00,326.7999999999997,326.7999999999997,322.59999999999974,324.78999999999974,5283
2026-07-21T13:45:00+00:00,324.78999999999974,324.82999999999976,322.2399999999997,324.13999999999976,4162
2026-07-21T14:00:00+00:00,324.13999999999976,326.1999999999997,324.01999999999975,326.01999999999975,3521
2026-07-21T14:15:00+00:00,326.01999999999975,327.0499999999997,325.64999999999975,326.7499999999997,2768
2026-07-21T14:30:00+00:00,326.7499999999997,327.3799999999997,326.26999999999975,327.26999999999975,2585
2026-07-21T14:45:00+00:00,327.26999999999975,327.46999999999974,326.7599999999997,327.07999999999976,2560
2026-07-21T15:00:00+00:00,327.07999999999976,327.97999999999973,326.2599999999997,327.4399999999997,3000
2026-07-21T15:15:00+00:00,327.4399999999997,328.5099999999997,327.1999999999997,328.3799999999997,2446
2026-07-21T15:30:00+00:00,328.3799999999997,328.72999999999973,327.7399999999997,328.4999999999997,2159
2026-07-21T15:45:00+00:00,328.4999999999997,329.02999999999975,328.3199999999997,328.76999999999975,1512
2026-07-21T16:00:00+00:00,328.76999999999975,329.63999999999976,328.32999999999976,329.6199999999997,1667
2026-07-21T16:15:00+00:00,329.6199999999997,329.6199999999997,328.59999999999974,328.65999999999974,1677
2026-07-21T16:30:00+00:00,328.65999999999974,328.8699999999997,327.57999999999976,327.9299999999997,1984
2026-07-21T16:45:00+00:00,327.9299999999997,328.5099999999997,327.45999999999975,328.46999999999974,1784
2026-07-21T17:00:00+00:00,328.46999999999974,328.78999999999974,327.70999999999975,328.1999999999997,2162
2026-07-21T17:15:00+00:00,328.1999999999997,328.4899999999997,327.01999999999975,327.07999999999976,1675
2026-07-21T17:30:00+00:00,327.07999999999976,327.33999999999975,326.76999999999975,326.91999999999973,1530
2026-07-21T17:45:00+00:00,326.91999999999973,327.8799999999997,326.89999999999975,327.65999999999974,1384
2026-07-21T18:00:00+00:00,327.65999999999974,327.8099999999997,327.2499999999997,327.52999999999975,1225
2026-07-21T18:15:00+00:00,327.52999999999975,327.65999999999974,326.9499999999997,327.21999999999974,1353
2026-07-21T18:30:00+00:00,327.21999999999974,328.3799999999997,327.14999999999975,328.2499999999997,1218
2026-07-21T18:45:00+00:00,328.2499999999997,328.4299999999997,327.97999999999973,328.16999999999973,1172
2026-07-21T19:00:00+00:00,328.16999999999973,328.52999999999975,327.4999999999997,327.70999999999975,1175
2026-07-21T19:15:00+00:00,327.70999999999975,328.13999999999976,327.4999999999997,327.91999999999973,1198
2026-07-21T19:30:00+00:00,327.91999999999973,328.13999999999976,327.5699999999997,327.82999999999976,1524
2026-07-21T19:45:00+00:00,327.82999999999976,328.10999999999973,327.32999999999976,327.71999999999974,2873
2026-07-22T13:30:00+00:00,327.71999999999974,328.82999999999976,325.6999999999997,326.21999999999974,4606
2026-07-22T13:45:00+00:00,326.21999999999974,327.27999999999975,325.7599999999997,325.90999999999974,4092
2026-07-22T14:00:00+00:00,325.90999999999974,326.14999999999975,324.9499999999997,324.95999999999975,3972
2026-07-22T14:15:00+00:00,324.95999999999975,325.39999999999975,324.34999999999974,324.5099999999997,3239
2026-07-22T14:30:00+00:00,324.5099999999997,325.03999999999974,324.1199999999997,324.78999999999974,3765
2026-07-22T14:45:00+00:00,324.78999999999974,325.63999999999976,324.6999999999997,325.63999999999976,2882
2026-07-22T15:00:00+00:00,325.63999999999976,325.6999999999997,324.15999999999974,324.2999999999997,3350
2026-07-22T15:15:00+00:00,324.2999999999997,325.8099999999997,324.2599999999997,325.76999999999975,3081
2026-07-22T15:30:00+00:00,325.76999999999975,325.91999999999973,325.22999999999973,325.39999999999975,2837
2026-07-22T15:45:00+00:00,325.39999999999975,325.53999999999974,324.95999999999975,325.0599999999997,2499
2026-07-22T16:00:00+00:00,325.0599999999997,325.07999999999976,324.39999999999975,324.5099999999997,2345
2026-07-22T16:15:00+00:00,324.5099999999997,325.03999999999974,324.46999999999974,324.89999999999975,1883
2026-07-22T16:30:00+00:00,324.89999999999975,324.96999999999974,323.84999999999974,324.5599999999997,1880
2026-07-22T16:45:00+00:00,324.5599999999997,324.6899999999997,324.09999999999974,324.2399999999997,1536
2026-07-22T17:00:00+00:00,324.2399999999997,324.3199999999997,323.6799999999997,323.91999999999973,1598
2026-07-22T17:15:00+00:00,323.91999999999973,324.03999999999974,323.38999999999976,323.66999999999973,1935
2026-07-22T17:30:00+00:00,323.66999999999973,324.0499999999997,323.5499999999997,323.8699999999997,1566
2026-07-22T17:45:00+00:00,323.8699999999997,324.0099999999997,323.70999999999975,323.9999999999997,1415
2026-07-22T18:00:00+00:00,323.9999999999997,324.03999999999974,323.5499999999997,323.91999999999973,1517
2026-07-22T18:15:00+00:00,323.91999999999973,324.0499999999997,323.7399999999997,323.9899999999997,1111
2026-07-22T18:30:00+00:00,323.9899999999997,324.53999999999974,323.8799999999997,324.4899999999997,1373
2026-07-22T18:45:00+00:00,324.4899999999997,324.71999999999974,324.20999999999975,324.3099999999997,1692
2026-07-22T19:00:00+00:00,324.3099999999997,324.53999999999974,324.1799999999997,324.46999999999974,1550
2026-07-22T19:15:00+00:00,324.46999999999974,324.59999999999974,324.2599999999997,324.41999999999973,1272
2026-07-22T19:30:00+00:00,324.41999999999973,324.59999999999974,323.9899999999997,324.4499999999997,2048
2026-07-22T19:45:00+00:00,324.4499999999997,326.88999999999976,324.40999999999974,325.8199999999997,4050
2026-07-23T13:30:00+00:00,325.8199999999997,325.8199999999997,320.84999999999974,320.8699999999997,4098
2026-07-23T13:45:00+00:00,320.8699999999997,321.08999999999975,319.35999999999973,320.0599999999997,4046
2026-07-23T14:00:00+00:00,320.0599999999997,321.9299999999997,319.78999999999974,320.83999999999975,3835
2026-07-23T14:15:00+00:00,320.83999999999975,321.78999999999974,320.2399999999997,321.45999999999975,2904
2026-07-23T14:30:00+00:00,321.45999999999975,322.9299999999997,321.4399999999997,321.8699999999997,4018
2026-07-23T14:45:00+00:00,321.8699999999997,322.0499999999997,320.88999999999976,321.2499999999997,3668
2026-07-23T15:00:00+00:00,321.2499999999997,322.0099999999997,320.7399999999997,321.85999999999973,4282
2026-07-23T15:15:00+00:00,321.85999999999973,322.26999999999975,321.21999999999974,321.26999999999975,3832
2026-07-23T15:30:00+00:00,321.26999999999975,321.3199999999997,320.58999999999975,320.88999999999976,3753
2026-07-23T15:45:00+00:00,320.88999999999976,321.0699999999997,320.46999999999974,320.85999999999973,2498
2026-07-23T16:00:00+00:00,320.85999999999973,321.5699999999997,320.34999999999974,321.4299999999997,2673
2026-07-23T16:15:00+00:00,321.4299999999997,321.5499999999997,320.10999999999973,320.2999999999997,2531
2026-07-23T16:30:00+00:00,320.2999999999997,320.58999999999975,320.0499999999997,320.53999999999974,2696
2026-07-23T16:45:00+00:00,320.53999999999974,320.9299999999997,320.26999999999975,320.6899999999997,2259
2026-07-23T17:00:00+00:00,320.6899999999997,321.01999999999975,320.3799999999997,320.60999999999973,2516
2026-07-23T17:15:00+00:00,320.60999999999973,321.0599999999997,320.3199999999997,320.8699999999997,2139
2026-07-23T17:30:00+00:00,320.8699999999997,321.07999999999976,320.35999999999973,320.70999999999975,2186
2026-07-23T17:45:00+00:00,320.70999999999975,321.4499999999997,320.3799999999997,320.51999999999975,1897
2026-07-23T18:00:00+00:00,320.51999999999975,320.64999999999975,320.03999999999974,320.1799999999997,2142
2026-07-23T18:15:00+00:00,320.1799999999997,320.45999999999975,320.07999999999976,320.3099999999997,1707
2026-07-23T18:30:00+00:00,320.3099999999997,320.52999999999975,319.7999999999997,320.0499999999997,1555
2026-07-23T18:45:00+00:00,320.0499999999997,320.76999999999975,320.0499999999997,320.7599999999997,1602
2026-07-23T19:00:00+00:00,320.7599999999997,321.0699999999997,320.3699999999997,320.70999999999975,1526
2026-07-23T19:15:00+00:00,320.70999999999975,321.2399999999997,320.3799999999997,320.39999999999975,1659
2026-07-23T19:30:00+00:00,320.39999999999975,321.26999999999975,320.0699999999997,321.10999999999973,2359
2026-07-23T19:45:00+00:00,321.10999999999973,322.0099999999997,320.46999999999974,321.52999999999975,4195
2026-07-24T13:30:00+00:00,321.52999999999975,325.9499999999997,321.52999999999975,325.66999999999973,4830
2026-07-24T13:45:00+00:00,325.66999999999973,327.78999999999974,325.5499999999997,326.7999999999997,5029
2026-07-24T14:00:00+00:00,326.7999999999997,328.65999999999974,326.7999999999997,328.0599999999997,5130
2026-07-24T14:15:00+00:00,328.0599999999997,329.4399999999997,327.8199999999997,328.77999999999975,4755
2026-07-24T14:30:00+00:00,328.77999999999975,329.8099999999997,328.7499999999997,329.39999999999975,4669
2026-07-24T14:45:00+00:00,329.39999999999975,330.2599999999997,329.2399999999997,329.9399999999997,4302
2026-07-24T15:00:00+00:00,329.9399999999997,331.38999999999976,329.7499999999997,331.3199999999997,4543
2026-07-24T15:15:00+00:00,331.3199999999997,331.9399999999997,331.0499999999997,331.72999999999973,4189
2026-07-24T15:30:00+00:00,331.72999999999973,333.27999999999975,331.58999999999975,332.85999999999973,3445
2026-07-24T15:45:00+00:00,332.85999999999973,333.6299999999997,332.77999999999975,333.0499999999997,3008
2026-07-24T16:00:00+00:00,333.0499999999997,334.10999999999973,332.6899999999997,333.2499999999997,3367
2026-07-24T16:15:00+00:00,333.2499999999997,334.3799999999997,332.9899999999997,333.71999999999974,2646
2026-07-24T16:30:00+00:00,333.71999999999974,333.95999999999975,333.35999999999973,333.60999999999973,2446
2026-07-24T16:45:00+00:00,333.60999999999973,333.7399999999997,332.6799999999997,333.15999999999974,2597
2026-07-24T17:00:00+00:00,333.15999999999974,333.5099999999997,332.4299999999997,332.51999999999975,2881
2026-07-24T17:15:00+00:00,332.51999999999975,332.78999999999974,332.16999999999973,332.38999999999976,2065
2026-07-24T17:30:00+00:00,332.38999999999976,333.1999999999997,332.3799999999997,332.91999999999973,2299
2026-07-24T17:45:00+00:00,332.91999999999973,333.15999999999974,332.6299999999997,332.63999999999976,1904
2026-07-24T18:00:00+00:00,332.63999999999976,333.1999999999997,332.47999999999973,332.4899999999997,1980
2026-07-24T18:15:00+00:00,332.4899999999997,332.77999999999975,332.1999999999997,332.3099999999997,2381
2026-07-24T18:30:00+00:00,332.3099999999997,332.63999999999976,332.0699999999997,332.26999999999975,2954
2026-07-24T18:45:00+00:00,332.26999999999975,333.21999999999974,332.20999999999975,332.96999999999974,2672
2026-07-24T19:00:00+00:00,332.96999999999974,333.27999999999975,332.5599999999997,332.78999999999974,3099
2026-07-24T19:15:00+00:00,332.78999999999974,333.14999999999975,332.4999999999997,332.5499999999997,2479
2026-07-24T19:30:00+00:00,332.5499999999997,332.8099999999997,332.26999999999975,332.78999999999974,2802
2026-07-24T19:45:00+00:00,332.78999999999974,333.4499999999997,331.88999999999976,333.13999999999976,4111
2026-07-27T13:30:00+00:00,333.13999999999976,337.09999999999974,333.13999999999976,334.96999999999974,5326
2026-07-27T13:45:00+00:00,334.96999999999974,336.8099999999997,334.07999999999976,335.52999999999975,6349
2026-07-27T14:00:00+00:00,335.52999999999975,336.90999999999974,335.26999999999975,336.6299999999997,7412
2026-07-27T14:15:00+00:00,336.6299999999997,338.14999999999975,336.57999999999976,337.66999999999973,6626
2026-07-27T14:30:00+00:00,337.66999999999973,337.91999999999973,336.2499999999997,336.35999999999973,6604
2026-07-27T14:45:00+00:00,336.35999999999973,338.3799999999997,336.15999999999974,338.2399999999997,5211
2026-07-27T15:00:00+00:00,338.2399999999997,339.52999999999975,338.1899999999997,339.03999999999974,4947
2026-07-27T15:15:00+00:00,339.03999999999974,339.2399999999997,338.2999999999997,338.78999999999974,5070
2026-07-27T15:30:00+00:00,338.78999999999974,339.59999999999974,337.10999999999973,338.27999999999975,5771
2026-07-27T15:45:00+00:00,338.27999999999975,338.5699999999997,336.7599999999997,337.10999999999973,4687
2026-07-27T16:00:00+00:00,337.10999999999973,337.5699999999997,337.0499999999997,337.28999999999974,4087
2026-07-27T16:15:00+00:00,337.28999999999974,338.02999999999975,337.20999999999975,337.47999999999973,4570
2026-07-27T16:30:00+00:00,337.47999999999973,338.15999999999974,336.5599999999997,336.77999999999975,2604
2026-07-27T16:45:00+00:00,336.77999999999975,336.83999999999975,336.08999999999975,336.6999999999997,3818
2026-07-27T17:00:00+00:00,336.6999999999997,336.8099999999997,335.9399999999997,336.3799999999997,3768
2026-07-27T17:15:00+00:00,336.3799999999997,336.7599999999997,335.66999999999973,336.0499999999997,3560
2026-07-27T17:30:00+00:00,336.0499999999997,336.82999999999976,336.0499999999997,336.2599999999997,2699
2026-07-27T17:45:00+00:00,336.2599999999997,336.33999999999975,335.35999999999973,335.5099999999997,2636
2026-07-27T18:00:00+00:00,335.5099999999997,335.9099999999997,335.20999999999975,335.65999999999974,1059.896218246195
2026-07-27T18:15:00+00:00,335.65999999999974,335.85999999999973,334.94999999999976,334.9899999999998,2661
2026-07-27T18:30:00+00:00,334.9899999999998,335.0599999999998,334.5499999999997,334.9299999999998,3485
2026-07-27T18:45:00+00:00,334.9299999999998,336.1199999999998,334.87999999999977,335.6799999999998,3291
2026-07-27T19:00:00+00:00,335.6799999999998,335.7499999999998,335.09999999999974,335.44999999999976,2973
2026-07-27T19:15:00+00:00,335.44999999999976,335.83999999999975,335.39999999999975,335.62999999999977,2334
2026-07-27T19:30:00+00:00,335.62999999999977,336.31999999999977,335.5599999999998,336.14999999999975,2755
2026-07-27T19:45:00+00:00,336.14999999999975,337.08999999999975,335.56999999999977,336.77999999999975,4129
2026-07-28T13:30:00+00:00,336.77999999999975,342.69999999999976,336.77999999999975,338.28999999999974,11561
2026-07-28T13:45:00+00:00,338.28999999999974,339.46999999999974,337.0499999999997,337.34999999999974,10830
2026-07-28T14:00:00+00:00,337.34999999999974,337.96999999999974,335.44999999999976,336.77999999999975,9205
2026-07-28T14:15:00+00:00,336.77999999999975,338.12999999999977,336.6199999999998,337.7999999999997,8986
2026-07-28T14:30:00+00:00,337.7999999999997,338.66999999999973,337.0599999999998,338.03999999999974,6957
2026-07-28T14:45:00+00:00,338.03999999999974,338.27999999999975,336.8099999999998,336.96999999999974,6767
2026-07-28T15:00:00+00:00,336.96999999999974,339.35999999999973,336.47999999999973,338.97999999999973,6883
2026-07-28T15:15:00+00:00,338.97999999999973,339.52999999999975,338.50999999999976,339.14999999999975,6547
2026-07-28T15:30:00+00:00,339.14999999999975,339.7999999999997,338.89999999999975,339.5499999999997,5639
2026-07-28T15:45:00+00:00,339.5499999999997,339.7399999999998,338.90999999999974,339.47999999999973,4464
2026-07-28T16:00:00+00:00,339.47999999999973,339.8699999999998,339.34999999999974,339.69999999999976,4329
2026-07-28T16:15:00+00:00,339.69999999999976,340.03999999999974,339.39999999999975,339.6799999999998,4414
2026-07-28T16:30:00+00:00,339.6799999999998,340.45999999999975,339.26999999999975,339.27999999999975,4101
2026-07-28T16:45:00+00:00,339.27999999999975,339.84999999999974,338.8099999999998,339.58999999999975,4123
2026-07-28T17:00:00+00:00,339.58999999999975,339.77999999999975,338.89999999999975,338.96999999999974,3590
2026-07-28T17:15:00+00:00,338.96999999999974,339.37999999999977,338.76999999999975,338.89999999999975,3538
2026-07-28T17:30:00+00:00,338.89999999999975,339.6799999999998,338.87999999999977,339.40999999999974,2966
2026-07-28T17:45:00+00:00,339.40999999999974,339.89999999999975,339.3099999999998,339.59999999999974,3441
2026-07-28T18:00:00+00:00,339.59999999999974,339.72999999999973,339.3099999999998,339.41999999999973,3179
2026-07-28T18:15:00+00:00,339.41999999999973,340.02999999999975,339.2999999999997,339.7399999999998,3203
2026-07-28T18:30:00+00:00,339.7399999999998,339.78999999999974,338.13999999999976,338.27999999999975,3432
2026-07-28T18:45:00+00:00,338.27999999999975,339.43999999999977,338.25999999999976,339.15999999999974,3028
2026-07-28T19:00:00+00:00,339.15999999999974,339.5499999999997,339.0499999999997,339.0499999999997,3896
2026-07-28T19:15:00+00:00,339.0499999999997,339.35999999999973,338.91999999999973,339.03999999999974,3079
2026-07-28T19:30:00+00:00,339.03999999999974,340.02999999999975,338.96999999999974,339.8699999999998,3522
2026-07-28T19:45:00+00:00,339.8699999999998,340.4299999999998,339.01999999999975,340.2399999999998,5199
2026-07-29T13:30:00+00:00,340.2399999999998,342.06999999999977,339.2499999999998,341.33999999999975,3539
2026-07-29T13:45:00+00:00,341.33999999999975,343.5499999999997,341.33999999999975,342.64999999999975,4266
2026-07-29T14:00:00+00:00,342.64999999999975,343.3699999999998,341.6199999999998,341.6799999999998,3840
2026-07-29T14:15:00+00:00,341.6799999999998,341.95999999999975,340.59999999999974,341.00999999999976,3105
2026-07-29T14:30:00+00:00,341.00999999999976,341.6199999999998,340.7999999999997,341.4299999999998,2866
2026-07-29T14:45:00+00:00,341.4299999999998,341.5599999999998,340.00999999999976,340.25999999999976,3196.8398983481575
2026-07-29T15:00:00+00:00,340.25999999999976,340.4199999999998,339.39999999999975,339.83999999999975,3016
2026-07-29T15:15:00+00:00,339.83999999999975,340.1799999999998,339.52999999999975,339.64999999999975,2432
2026-07-29T15:30:00+00:00,339.64999999999975,340.5599999999998,339.6199999999998,339.90999999999974,2375
2026-07-29T15:45:00+00:00,339.90999999999974,341.08999999999975,339.87999999999977,340.9299999999998,2338
2026-07-29T16:00:00+00:00,340.9299999999998,340.9999999999998,340.51999999999975,340.70999999999975,2196
2026-07-29T16:15:00+00:00,340.70999999999975,341.43999999999977,340.5599999999998,341.1099999999998,1992
2026-07-29T16:30:00+00:00,341.1099999999998,341.25999999999976,339.9299999999998,340.4199999999998,1662
2026-07-29T16:45:00+00:00,340.4199999999998,341.19999999999976,340.18999999999977,341.19999999999976,1816
2026-07-29T17:00:00+00:00,341.19999999999976,342.1799999999998,340.94999999999976,342.1799999999998,1932
2026-07-29T17:15:00+00:00,342.1799999999998,343.3099999999998,341.94999999999976,342.51999999999975,1965
2026-07-29T17:30:00+00:00,342.51999999999975,343.25999999999976,342.18999999999977,342.89999999999975,2178
2026-07-29T17:45:00+00:00,342.89999999999975,343.1799999999998,342.52999999999975,342.9999999999998,1888
2026-07-29T18:00:00+00:00,342.9999999999998,344.43999999999977,342.8599999999998,343.51999999999975,3007
2026-07-29T18:15:00+00:00,343.51999999999975,343.88999999999976,343.00999999999976,343.4299999999998,2366
2026-07-29T18:30:00+00:00,343.4299999999998,343.7999999999998,342.83999999999975,343.56999999999977,3400
2026-07-29T18:45:00+00:00,343.56999999999977,343.7499999999998,342.58999999999975,342.75999999999976,2451
2026-07-29T19:00:00+00:00,342.75999999999976,342.8599999999998,341.78999999999974,342.27999999999975,2608
2026-07-29T19:15:00+00:00,342.27999999999975,342.7299999999998,341.1799999999998,341.40999999999974,2444
2026-07-29T19:30:00+00:00,341.40999999999974,341.40999999999974,339.20999999999975,339.4199999999998,3267
2026-07-29T19:45:00+00:00,339.4199999999998,340.19999999999976,337.00999999999976,337.95999999999975,6392
2026-07-30T13:30:00+00:00,337.95999999999975,337.95999999999975,330.5499999999997,331.91999999999973,6154
2026-07-30T13:45:00+00:00,331.91999999999973,332.9299999999997,331.0099999999997,331.89999999999975,7062
2026-07-30T14:00:00+00:00,331.89999999999975,332.60999999999973,330.14999999999975,331.10999999999973,6115
2026-07-30T14:15:00+00:00,331.10999999999973,332.07999999999976,330.8699999999997,331.0499999999997,5292
2026-07-30T14:30:00+00:00,331.0499999999997,331.97999999999973,329.3699999999997,331.83999999999975,4540
2026-07-30T14:45:00+00:00,331.83999999999975,332.40999999999974,331.27999999999975,332.10999999999973,4716
2026-07-30T15:00:00+00:00,332.10999999999973,332.8199999999997,331.0599999999997,331.26999999999975,5688
2026-07-30T15:15:00+00:00,331.26999999999975,331.82999999999976,330.8099999999997,330.97999999999973,4555
2026-07-30T15:30:00+00:00,330.97999999999973,332.1199999999997,330.9299999999997,331.91999999999973,3838
2026-07-30T15:45:00+00:00,331.91999999999973,332.1899999999997,331.13999999999976,331.5499999999997,2989
2026-07-30T16:00:00+00:00,331.5499999999997,331.5499999999997,330.4299999999997,330.9299999999997,3749
2026-07-30T16:15:00+00:00,330.9299999999997,332.35999999999973,330.83999999999975,331.83999999999975,3639
2026-07-30T16:30:00+00:00,331.83999999999975,332.02999999999975,331.1999999999997,331.84999999999974,3513
2026-07-30T16:45:00+00:00,331.84999999999974,332.09999999999974,331.33999999999975,331.40999999999974,3389
2026-07-30T17:00:00+00:00,331.40999999999974,332.65999999999974,331.34999999999974,332.51999999999975,3274
2026-07-30T17:15:00+00:00,332.51999999999975,332.5599999999997,331.77999999999975,331.8799999999997,2991
2026-07-30T17:30:00+00:00,331.8799999999997,332.5599999999997,331.5099999999997,332.40999999999974,2858
2026-07-30T17:45:00+00:00,332.40999999999974,333.1299999999997,332.21999999999974,333.08999999999975,2051
2026-07-30T18:00:00+00:00,333.08999999999975,333.7599999999997,332.7999999999997,333.0699999999997,1853
2026-07-30T18:15:00+00:00,333.0699999999997,333.53999999999974,332.51999999999975,332.89999999999975,1900
2026-07-30T18:30:00+00:00,332.89999999999975,333.53999999999974,332.6999999999997,333.2499999999997,1818
2026-07-30T18:45:00+00:00,333.2499999999997,333.8699999999997,333.20999999999975,333.53999999999974,1572
2026-07-30T19:00:00+00:00,333.53999999999974,333.7399999999997,333.20999999999975,333.41999999999973,1925
2026-07-30T19:15:00+00:00,333.41999999999973,333.71999999999974,332.89999999999975,332.9499999999997,2324
2026-07-30T19:30:00+00:00,332.9499999999997,333.3699999999997,332.5699999999997,332.8099999999997,2830
2026-07-30T19:45:00+00:00,332.8099999999997,333.89999999999975,332.0499999999997,333.5499999999997,4266
2026-07-31T13:30:00+00:00,333.5499999999997,333.5499999999997,300.10999999999973,304.53999999999974,7837
2026-07-31T13:45:00+00:00,304.53999999999974,305.64999999999975,302.3099999999997,302.46999999999974,6101
2026-07-31T14:00:00+00:00,302.46999999999974,303.0099999999997,301.09999999999974,301.8699999999997,5890
2026-07-31T14:15:00+00:00,301.8699999999997,303.3199999999997,301.4499999999997,302.5499999999997,4662
2026-07-31T14:30:00+00:00,302.5499999999997,302.7599999999997,301.4999999999997,302.22999999999973,4092
2026-07-31T14:45:00+00:00,302.22999999999973,302.95999999999975,301.71999999999974,302.9499999999997,3132
2026-07-31T15:00:00+00:00,302.9499999999997,302.9899999999997,302.10999999999973,302.78999999999974,3038
2026-07-31T15:15:00+00:00,302.78999999999974,304.0099999999997,301.4499999999997,301.4899999999997,4637
2026-07-31T15:30:00+00:00,301.4899999999997,302.59999999999974,301.21999999999974,301.66999999999973,3963
2026-07-31T15:45:00+00:00,301.66999999999973,302.08999999999975,300.1899999999997,301.07999999999976,3375
2026-07-31T16:00:00+00:00,301.07999999999976,301.90999999999974,300.6999999999997,301.90999999999974,2509
2026-07-31T16:15:00+00:00,301.90999999999974,302.08999999999975,300.2599999999997,300.33999999999975,3089
2026-07-31T16:30:00+00:00,300.33999999999975,300.8199999999997,299.7999999999997,300.1299999999997,2864
2026-07-31T16:45:00+00:00,300.1299999999997,301.33999999999975,300.02999999999975,300.60999999999973,2044
2026-07-31T17:00:00+00:00,300.60999999999973,301.59999999999974,300.59999999999974,301.2599999999997,1851
2026-07-31T17:15:00+00:00,301.2599999999997,301.6199999999997,300.82999999999976,300.9999999999997,1508
2026-07-31T17:30:00+00:00,300.9999999999997,301.4999999999997,300.8699999999997,301.10999999999973,1329
2026-07-31T17:45:00+00:00,301.10999999999973,301.21999999999974,300.2999999999997,300.4399999999997,1275
2026-07-31T18:00:00+00:00,300.4399999999997,301.8799999999997,300.38999999999976,301.78999999999974,1652
2026-07-31T18:15:00+00:00,301.78999999999974,302.20999999999975,301.41999999999973,301.53999999999974,1430
2026-07-31T18:30:00+00:00,301.53999999999974,302.14999999999975,301.5099999999997,302.10999999999973,1325
2026-07-31T18:45:00+00:00,302.10999999999973,302.7599999999997,301.83999999999975,302.6199999999997,1368
2026-07-31T19:00:00+00:00,302.6199999999997,304.63999999999976,302.5599999999997,304.3199999999997,2277
2026-07-31T19:15:00+00:00,304.3199999999997,305.4899999999997,304.3199999999997,305.4499999999997,2537
2026-07-31T19:30:00+00:00,305.4499999999997,306.4299999999997,304.8199999999997,306.32999999999976,3075
2026-07-31T19:45:00+00:00,306.32999999999976,310.40999999999974,305.89999999999975,308.8699999999997,5924
2026-08-03T13:30:00+00:00,308.8699999999997,311.4899999999997,304.96999999999974,305.90999999999974,6074
2026-08-03T13:45:00+00:00,305.90999999999974,308.0699999999997,305.2999999999997,305.6999999999997,4710
2026-08-03T14:00:00+00:00,305.6999999999997,306.41999999999973,304.1199999999997,306.28999999999974,4524
2026-08-03T14:15:00+00:00,306.28999999999974,306.9999999999997,305.3099999999997,305.35999999999973,4007
2026-08-03T14:30:00+00:00,305.35999999999973,305.96999999999974,305.0499999999997,305.5699999999997,2890
2026-08-03T14:45:00+00:00,305.5699999999997,306.1799999999997,304.8099999999997,305.1199999999997,3099
2026-08-03T15:00:00+00:00,305.1199999999997,305.38999999999976,304.40999999999974,304.90999999999974,3240
2026-08-03T15:15:00+00:00,304.90999999999974,305.57999999999976,303.71999999999974,303.97999999999973,2411
2026-08-03T15:30:00+00:00,303.97999999999973,304.20999999999975,302.90999999999974,302.95999999999975,2104
2026-08-03T15:45:00+00:00,302.95999999999975,303.53999999999974,302.34999999999974,303.52999999999975,1658
2026-08-03T16:00:00+00:00,303.52999999999975,304.7999999999997,303.5099999999997,303.8199999999997,2485
2026-08-03T16:15:00+00:00,303.8199999999997,306.1199999999997,303.8199999999997,306.1199999999997,2219
2026-08-03T16:30:00+00:00,306.1199999999997,306.97999999999973,305.8199999999997,306.45999999999975,2557
2026-08-03T16:45:00+00:00,306.45999999999975,306.5599999999997,305.6899999999997,306.34999999999974,1690
2026-08-03T17:00:00+00:00,306.34999999999974,306.85999999999973,306.16999999999973,306.5099999999997,1297
2026-08-03T17:15:00+00:00,306.5099999999997,307.32999999999976,306.4399999999997,307.01999999999975,1734
2026-08-03T17:30:00+00:00,307.01999999999975,307.01999999999975,306.01999999999975,306.53999999999974,1294
2026-08-03T17:45:00+00:00,306.53999999999974,306.59999999999974,305.2999999999997,305.8799999999997,1148
2026-08-03T18:00:00+00:00,305.8799999999997,306.2399999999997,305.63999999999976,305.77999999999975,1257
2026-08-03T18:15:00+00:00,305.77999999999975,306.1999999999997,305.2999999999997,305.3099999999997,863
2026-08-03T18:30:00+00:00,305.3099999999997,305.60999999999973,304.8099999999997,304.88999999999976,1290
2026-08-03T18:45:00+00:00,304.88999999999976,305.3699999999997,304.6899999999997,305.01999999999975,1064
2026-08-03T19:00:00+00:00,305.01999999999975,305.77999999999975,304.89999999999975,305.6899999999997,1196
2026-08-03T19:15:00+00:00,305.6899999999997,305.7599999999997,304.59999999999974,304.83999999999975,937
2026-08-03T19:30:00+00:00,304.83999999999975,304.8799999999997,304.2499999999997,304.6299999999997,535
2026-08-03T19:45:00+00:00,304.6299999999997,304.6299999999997,302.4499999999997,303.08999999999975,2630
2026-08-04T13:30:00+00:00,303.08999999999975,304.2499999999997,301.0699999999997,303.58999999999975,4249
2026-08-04T13:45:00+00:00,303.58999999999975,305.13999999999976,303.47999999999973,305.0599999999997,3653
2026-08-04T14:00:00+00:00,305.0599999999997,305.66999999999973,304.1999999999997,305.5099999999997,3479
2026-08-04T14:15:00+00:00,305.5099999999997,306.91999999999973,305.45999999999975,306.60999999999973,3653
2026-08-04T14:30:00+00:00,306.60999999999973,306.65999999999974,305.0099999999997,305.22999999999973,3356
2026-08-04T14:45:00+00:00,305.22999999999973,306.3099999999997,305.16999999999973,305.9999999999997,2430
2026-08-04T15:00:00+00:00,305.9999999999997,306.28999999999974,305.6899999999997,306.0599999999997,2180
2026-08-04T15:15:00+00:00,306.0599999999997,306.35999999999973,305.39999999999975,305.41999999999973,2079
2026-08-04T15:30:00+00:00,305.41999999999973,306.46999999999974,305.2999999999997,306.0499999999997,2008
2026-08-04T15:45:00+00:00,306.0499999999997,306.4299999999997,305.8699999999997,306.1299999999997,1683
2026-08-04T16:00:00+00:00,306.1299999999997,306.2599999999997,305.45999999999975,306.09999999999974,1520
2026-08-04T16:15:00+00:00,306.09999999999974,306.4999999999997,305.60999999999973,306.3099999999997,1754
2026-08-04T16:30:00+00:00,306.3099999999997,307.59999999999974,306.09999999999974,307.5099999999997,1738
2026-08-04T16:45:00+00:00,307.5099999999997,308.38999999999976,307.1999999999997,307.97999999999973,1979
2026-08-04T17:00:00+00:00,307.97999999999973,310.20999999999975,307.95999999999975,309.89999999999975,2284
2026-08-04T17:15:00+00:00,309.89999999999975,310.02999999999975,308.65999999999974,308.6899999999997,1890
2026-08-04T17:30:00+00:00,308.6899999999997,309.40999999999974,308.45999999999975,309.3699999999997,1587
2026-08-04T17:45:00+00:00,309.3699999999997,309.90999999999974,309.09999999999974,309.09999999999974,2006
2026-08-04T18:00:00+00:00,309.09999999999974,309.89999999999975,309.0499999999997,309.82999999999976,1705
2026-08-04T18:15:00+00:00,309.82999999999976,309.8799999999997,308.97999999999973,309.1199999999997,1652
2026-08-04T18:30:00+00:00,309.1199999999997,309.27999999999975,308.39999999999975,308.57999999999976,1569
2026-08-04T18:45:00+00:00,308.57999999999976,309.08999999999975,308.2399999999997,308.3199999999997,1585
2026-08-04T19:00:00+00:00,308.3199999999997,308.66999999999973,308.0499999999997,308.4999999999997,1933
2026-08-04T19:15:00+00:00,308.4999999999997,309.5499999999997,308.3199999999997,309.3799999999997,1939
2026-08-04T19:30:00+00:00,309.3799999999997,310.08999999999975,309.2999999999997,310.03999999999974,1993
2026-08-04T19:45:00+00:00,310.03999999999974,310.20999999999975,308.4499999999997,308.9999999999997,4055
2026-08-05T13:30:00+00:00,308.9999999999997,308.9999999999997,305.46999999999974,307.9299999999997,4659
2026-08-05T13:45:00+00:00,307.9299999999997,307.97999999999973,306.63999999999976,307.76999999999975,3724
2026-08-05T14:00:00+00:00,307.76999999999975,308.2999999999997,307.1299999999997,308.15999999999974,4081
2026-08-05T14:15:00+00:00,308.15999999999974,308.83999999999975,306.4999999999997,306.5099999999997,3958
2026-08-05T14:30:00+00:00,306.5099999999997,308.64999999999975,306.0599999999997,308.59999999999974,4199
2026-08-05T14:45:00+00:00,308.59999999999974,311.14999999999975,308.57999999999976,311.1199999999998,4123.218844984803
2026-08-05T15:00:00+00:00,311.1199999999998,311.52999999999975,310.32999999999976,310.32999999999976,3871
2026-08-05T15:15:00+00:00,310.32999999999976,310.39999999999975,308.18999999999977,308.38999999999976,3447
2026-08-05T15:30:00+00:00,308.38999999999976,308.75999999999976,307.9299999999998,308.06999999999977,2717
2026-08-05T15:45:00+00:00,308.06999999999977,308.33999999999975,307.62999999999977,307.71999999999974,2502
2026-08-05T16:00:00+00:00,307.71999999999974,309.2299999999998,307.68999999999977,308.8499999999998,2816
2026-08-05T16:15:00+00:00,308.8499999999998,309.14999999999975,308.4099999999998,308.45999999999975,2073
2026-08-05T16:30:00+00:00,308.45999999999975,309.12999999999977,308.25999999999976,309.0499999999998,2118
2026-08-05T16:45:00+00:00,309.0499999999998,309.14999999999975,308.56999999999977,308.64999999999975,1881
2026-08-05T17:00:00+00:00,308.64999999999975,309.58999999999975,308.57999999999976,309.5499999999998,1880
2026-08-05T17:15:00+00:00,309.5499999999998,309.7999999999998,309.3699999999998,309.5399999999998,2033
2026-08-05T17:30:00+00:00,309.5399999999998,310.0399999999998,309.19999999999976,309.4099999999998,2033
2026-08-05T17:45:00+00:00,309.4099999999998,309.43999999999977,308.5399999999998,308.7399999999998,1856
2026-08-05T18:00:00+00:00,308.7399999999998,308.76999999999975,308.1199999999998,308.3099999999998,1493
2026-08-05T18:15:00+00:00,308.3099999999998,308.4999999999998,307.88999999999976,308.00999999999976,1345
2026-08-05T18:30:00+00:00,308.00999999999976,308.5599999999998,307.88999999999976,308.44999999999976,1478
2026-08-05T18:45:00+00:00,308.44999999999976,308.9199999999998,308.2999999999998,308.7399999999998,1322
2026-08-05T19:00:00+00:00,308.7399999999998,308.9299999999998,308.4999999999998,308.7399999999998,1460
2026-08-05T19:15:00+00:00,308.7399999999998,309.69999999999976,308.71999999999974,309.44999999999976,1618
2026-08-05T19:30:00+00:00,309.44999999999976,309.88999999999976,309.1799999999998,309.70999999999975,2286
2026-08-05T19:45:00+00:00,309.70999999999975,311.3699999999998,309.62999999999977,310.76999999999975,4403
2026-08-06T13:30:00+00:00,310.76999999999975,315.76999999999975,310.76999999999975,314.45999999999975,3726
2026-08-06T13:45:00+00:00,314.45999999999975,316.06999999999977,314.3599999999998,314.57999999999976,3241
2026-08-06T14:00:00+00:00,314.57999999999976,314.9799999999998,312.51999999999975,313.0499999999998,3257
2026-08-06T14:15:00+00:00,313.0499999999998,313.25999999999976,311.9299999999998,312.5999999999998,3549
2026-08-06T14:30:00+00:00,312.5999999999998,313.0399999999998,311.5999999999998,312.2299999999998,3420
2026-08-06T14:45:00+00:00,312.2299999999998,313.39999999999975,312.06999999999977,313.1699999999998,2764
2026-08-06T15:00:00+00:00,313.1699999999998,313.19999999999976,311.81999999999977,311.94999999999976,2495
2026-08-06T15:15:00+00:00,311.94999999999976,312.06999999999977,309.45999999999975,309.9199999999998,2928
2026-08-06T15:30:00+00:00,309.9199999999998,310.1699999999998,309.5999999999998,309.8499999999998,2256
2026-08-06T15:45:00+00:00,309.8499999999998,310.0599999999998,309.0499999999998,309.32999999999976,2373
2026-08-06T16:00:00+00:00,309.32999999999976,309.87999999999977,309.06999999999977,309.7999999999998,2044
2026-08-06T16:15:00+00:00,309.7999999999998,311.06999999999977,309.56999999999977,310.96999999999974,1962
2026-08-06T16:30:00+00:00,310.96999999999974,311.4799999999998,310.9199999999998,311.12999999999977,1641
2026-08-06T16:45:00+00:00,311.12999999999977,311.56999999999977,311.06999999999977,311.46999999999974,1601
2026-08-06T17:00:00+00:00,311.46999999999974,311.56999999999977,310.50999999999976,310.68999999999977,1524
2026-08-06T17:15:00+00:00,310.68999999999977,311.07999999999976,310.6799999999998,311.01999999999975,1318
2026-08-06T17:30:00+00:00,311.01999999999975,311.3699999999998,310.94999999999976,311.3099999999998,1310
2026-08-06T17:45:00+00:00,311.3099999999998,311.9799999999998,311.25999999999976,311.95999999999975,1028
2026-08-06T18:00:00+00:00,311.95999999999975,312.0599999999998,311.76999999999975,311.7999999999998,1195
2026-08-06T18:15:00+00:00,311.7999999999998,312.2499999999998,311.56999999999977,312.02999999999975,1554
2026-08-06T18:30:00+00:00,312.02999999999975,312.25999999999976,311.68999999999977,311.7899999999998,1266
2026-08-06T18:45:00+00:00,311.7899999999998,312.1599999999998,311.69999999999976,312.0599999999998,1084
2026-08-06T19:00:00+00:00,312.0599999999998,312.31999999999977,311.87999999999977,312.21999999999974,1261
2026-08-06T19:15:00+00:00,312.21999999999974,312.6099999999998,311.94999999999976,312.38999999999976,1575
2026-08-06T19:30:00+00:00,312.38999999999976,312.68999999999977,312.18999999999977,312.5399999999998,1715
2026-08-06T19:45:00+00:00,312.5399999999998,312.63999999999976,311.56999999999977,312.32999999999976,3448
2026-08-07T13:30:00+00:00,312.32999999999976,313.5399999999998,310.5599999999998,311.5499999999998,3944
2026-08-07T13:45:00+00:00,311.5499999999998,311.9799999999998,310.82999999999976,311.45999999999975,3566
2026-08-07T14:00:00+00:00,311.45999999999975,312.33999999999975,311.43999999999977,311.9199999999998,3826
2026-08-07T14:15:00+00:00,311.9199999999998,313.9099999999998,311.51999999999975,313.83999999999975,4145
2026-08-07T14:30:00+00:00,313.83999999999975,314.63999999999976,313.69999999999976,314.0399999999998,4078
2026-08-07T14:45:00+00:00,314.0399999999998,314.20999999999975,313.46999999999974,314.1199999999998,2867
2026-08-07T15:00:00+00:00,314.1199999999998,314.14999999999975,313.3499999999998,313.71999999999974,2338
2026-08-07T15:15:00+00:00,313.71999999999974,313.7299999999998,312.82999999999976,313.0999999999998,2345
2026-08-07T15:30:00+00:00,313.0999999999998,313.20999999999975,312.2399999999998,312.4299999999998,2335
2026-08-07T15:45:00+00:00,312.4299999999998,312.4299999999998,311.82999999999976,311.9799999999998,2039
2026-08-07T16:00:00+00:00,311.9799999999998,312.21999999999974,311.3499999999998,311.6199999999998,2065
2026-08-07T16:15:00+00:00,311.6199999999998,311.76999999999975,311.3499999999998,311.46999999999974,2169
2026-08-07T16:30:00+00:00,311.46999999999974,312.0599999999998,311.4099999999998,311.95999999999975,2114
2026-08-07T16:45:00+00:00,311.95999999999975,312.2899999999998,311.88999999999976,312.00999999999976,1793
2026-08-07T17:00:00+00:00,312.00999999999976,312.37999999999977,311.9899999999998,312.2399999999998,1540
2026-08-07T17:15:00+00:00,312.2399999999998,312.71999999999974,312.06999999999977,312.5499999999998,1464
2026-08-07T17:30:00+00:00,312.5499999999998,312.87999999999977,312.3699999999998,312.8099999999998,1531
2026-08-07T17:45:00+00:00,312.8099999999998,313.0599999999998,312.68999999999977,312.7999999999998,1572
2026-08-07T18:00:00+00:00,312.7999999999998,312.8599999999998,312.0499999999998,312.1799999999998,1671
2026-08-07T18:15:00+00:00,312.1799999999998,312.19999999999976,311.62999999999977,311.71999999999974,1398
2026-08-07T18:30:00+00:00,311.71999999999974,311.8899999999998,311.4999999999998,311.67999999999984,1167
2026-08-07T18:45:00+00:00,311.67999999999984,312.2199999999998,311.6399999999998,312.1699999999998,1234
2026-08-07T19:00:00+00:00,312.1699999999998,312.7399999999998,312.0699999999998,312.67999999999984,1471
2026-08-07T19:15:00+00:00,312.67999999999984,313.2299999999998,312.6399999999998,313.0899999999998,1483
2026-08-07T19:30:00+00:00,313.0899999999998,313.1599999999998,312.8399999999998,313.0999999999998,1965
2026-08-07T19:45:00+00:00,313.0999999999998,314.0099999999998,312.74999999999983,313.1399999999998,2662
2026-08-10T13:30:00+00:00,313.1399999999998,313.1399999999998,304.4399999999998,305.6899999999998,4834
2026-08-10T13:45:00+00:00,305.6899999999998,307.2199999999998,305.4899999999998,306.8199999999998,4458
2026-08-10T14:00:00+00:00,306.8199999999998,307.2599999999998,305.7899999999998,306.3499999999998,2319
2026-08-10T14:15:00+00:00,306.3499999999998,307.2599999999998,306.0899999999998,306.7199999999998,2015
2026-08-10T14:30:00+00:00,306.7199999999998,307.0299999999998,306.2899999999998,306.5699999999998,1619
2026-08-10T14:45:00+00:00,306.5699999999998,307.0299999999998,306.0399999999998,306.8999999999998,1716
2026-08-10T15:00:00+00:00,306.8999999999998,306.9799999999998,306.2399999999998,306.2399999999998,1311
2026-08-10T15:15:00+00:00,306.2399999999998,306.7099999999998,306.1299999999998,306.3599999999998,1151
2026-08-10T15:30:00+00:00,306.3599999999998,306.5699999999998,306.11999999999983,306.3799999999998,999
2026-08-10T15:45:00+00:00,306.3799999999998,307.0699999999998,306.3399999999998,306.9599999999998,1074
2026-08-10T16:00:00+00:00,306.9599999999998,307.0699999999998,305.2599999999998,305.36999999999983,1621
2026-08-10T16:15:00+00:00,305.36999999999983,305.8199999999998,304.86999999999983,305.3499999999998,1363
2026-08-10T16:30:00+00:00,305.3499999999998,305.5899999999998,304.9899999999998,305.4099999999998,1472
2026-08-10T16:45:00+00:00,305.4099999999998,306.11999999999983,305.4099999999998,306.1099999999998,1082
2026-08-10T17:00:00+00:00,306.1099999999998,306.4799999999998,306.0399999999998,306.2599999999998,867
2026-08-10T17:15:00+00:00,306.2599999999998,306.6299999999998,306.0799999999998,306.2999999999998,918
2026-08-10T17:30:00+00:00,306.2999999999998,306.6699999999998,306.1399999999998,306.5499999999998,831
2026-08-10T17:45:00+00:00,306.5499999999998,306.6299999999998,305.8399999999998,306.55999999999983,1069
2026-08-10T18:00:00+00:00,306.55999999999983,306.8199999999998,306.3599999999998,306.4399999999998,836
2026-08-10T18:15:00+00:00,306.4399999999998,306.6099999999998,306.3399999999998,306.4899999999998,710
2026-08-10T18:30:00+00:00,306.4899999999998,306.80999999999983,306.4099999999998,306.6599999999998,719
2026-08-10T18:45:00+00:00,306.6599999999998,307.0899999999998,306.5399999999998,306.8799999999998,741
2026-08-10T19:00:00+00:00,306.8799999999998,307.2799999999998,306.86999999999983,307.24999999999983,746
2026-08-10T19:15:00+00:00,307.24999999999983,307.49999999999983,307.0399999999998,307.0699999999998,950
2026-08-10T19:30:00+00:00,307.0699999999998,307.2799999999998,306.80999999999983,307.0799999999998,1207
2026-08-10T19:45:00+00:00,307.0799999999998,308.0999999999998,306.6599999999998,307.9399999999998,2368
2026-08-11T13:30:00+00:00,307.9399999999998,309.61999999999983,306.0699999999998,306.1999999999998,4645
2026-08-11T13:45:00+00:00,306.1999999999998,306.4499999999998,305.5099999999998,306.0499999999998,4173
2026-08-11T14:00:00+00:00,306.0499999999998,306.5299999999998,305.8599999999998,306.1699999999998,3612
2026-08-11T14:15:00+00:00,306.1699999999998,306.5299999999998,305.7199999999998,305.9799999999998,3033
2026-08-11T14:30:00+00:00,305.9799999999998,306.7699999999998,305.92999999999984,306.4799999999998,3560
2026-08-11T14:45:00+00:00,306.4799999999998,306.7699999999998,306.3399999999998,306.3899999999998,3065
2026-08-11T15:00:00+00:00,306.3899999999998,306.5299999999998,305.8599999999998,306.0499999999998,3167
2026-08-11T15:15:00+00:00,306.0499999999998,306.5999999999998,305.9599999999998,306.5499999999998,2592
2026-08-11T15:30:00+00:00,306.5499999999998,307.1899999999998,306.30999999999983,307.0899999999998,2924
2026-08-11T15:45:00+00:00,307.0899999999998,307.4399999999998,306.8299999999998,307.0699999999998,2574
2026-08-11T16:00:00+00:00,307.0699999999998,307.1999999999998,306.49999999999983,306.61999999999983,2529
2026-08-11T16:15:00+00:00,306.61999999999983,306.9599999999998,306.24999999999983,306.36999999999983,2545
2026-08-11T16:30:00+00:00,306.36999999999983,306.42999999999984,305.5999999999998,305.6699999999998,2549
2026-08-11T16:45:00+00:00,305.6699999999998,306.2199999999998,305.5399999999998,306.0499999999998,2179
2026-08-11T17:00:00+00:00,306.0499999999998,306.1399999999998,305.7899999999998,305.7899999999998,1592
2026-08-11T17:15:00+00:00,305.7899999999998,306.1399999999998,305.7899999999998,306.0099999999998,1439
2026-08-11T17:30:00+00:00,306.0099999999998,306.3499999999998,305.9499999999998,306.2399999999998,1647
2026-08-11T17:45:00+00:00,306.2399999999998,306.3199999999998,305.5899999999998,305.8599999999998,2195
2026-08-11T18:00:00+00:00,305.8599999999998,305.86999999999983,304.6099999999998,304.7699999999998,2414
2026-08-11T18:15:00+00:00,304.7699999999998,304.8399999999998,302.61999999999983,303.1099999999998,2829
2026-08-11T18:30:00+00:00,303.1099999999998,303.6099999999998,302.7899999999998,303.24999999999983,2930
2026-08-11T18:45:00+00:00,303.24999999999983,304.4199999999998,302.9499999999998,304.1599999999998,2716
2026-08-11T19:00:00+00:00,304.1599999999998,304.6499999999998,303.8399999999998,304.55999999999983,2189
2026-08-11T19:15:00+00:00,304.55999999999983,305.0299999999998,304.55999999999983,304.9399999999998,1782
2026-08-11T19:30:00+00:00,304.9399999999998,305.1399999999998,304.2099999999998,304.3899999999998,2743
2026-08-11T19:45:00+00:00,304.3899999999998,304.9199999999998,303.7999999999998,304.7599999999998,2914
2026-08-12T13:30:00+00:00,304.7599999999998,305.2599999999998,302.0099999999998,303.1999999999998,3640
2026-08-12T13:45:00+00:00,303.1999999999998,303.2899999999998,302.3899999999998,303.1999999999998,3808
2026-08-12T14:00:00+00:00,303.1999999999998,304.1499999999998,302.0899999999998,302.2999999999998,4171
2026-08-12T14:15:00+00:00,302.2999999999998,302.6399999999998,302.1399999999998,302.1699999999998,3133
2026-08-12T14:30:00+00:00,302.1699999999998,302.7999999999998,302.1399999999998,302.7699999999998,3405
2026-08-12T14:45:00+00:00,302.7699999999998,303.0199999999998,301.8999999999998,302.2799999999998,3376.3999185501934
2026-08-12T15:00:00+00:00,302.2799999999998,302.6699999999998,301.4099999999998,301.5499999999998,2814
2026-08-12T15:15:00+00:00,301.5499999999998,301.5799999999998,300.8799999999998,300.9299999999998,3100
2026-08-12T15:30:00+00:00,300.9299999999998,301.1299999999998,300.4199999999998,300.6999999999998,2789
2026-08-12T15:45:00+00:00,300.6999999999998,301.0799999999998,300.4599999999998,301.0199999999998,2081
2026-08-12T16:00:00+00:00,301.0199999999998,301.6499999999998,300.8499999999998,301.6299999999998,1967
2026-08-12T16:15:00+00:00,301.6299999999998,301.6499999999998,301.0999999999998,301.3699999999998,1799
2026-08-12T16:30:00+00:00,301.3699999999998,301.7499999999998,301.2099999999998,301.7099999999998,1702
2026-08-12T16:45:00+00:00,301.7099999999998,302.0799999999998,301.4499999999998,302.0299999999998,1719
2026-08-12T17:00:00+00:00,302.0299999999998,302.3599999999998,301.8599999999998,302.2599999999998,1441
2026-08-12T17:15:00+00:00,302.2599999999998,302.3599999999998,301.8999999999998,302.0099999999998,1628
2026-08-12T17:30:00+00:00,302.0099999999998,302.1399999999998,301.5799999999998,301.5999999999998,1374
2026-08-12T17:45:00+00:00,301.5999999999998,301.6499999999998,301.1199999999998,301.3599999999998,1492
2026-08-12T18:00:00+00:00,301.3599999999998,301.6299999999998,301.3499999999998,301.4099999999998,1441
2026-08-12T18:15:00+00:00,301.4099999999998,301.4399999999998,300.9099999999998,300.9599999999998,1486
2026-08-12T18:30:00+00:00,300.9599999999998,301.3899999999998,300.8899999999998,301.2899999999998,1599
2026-08-12T18:45:00+00:00,301.2899999999998,301.8199999999998,301.1899999999998,301.2199999999998,1180
2026-08-12T19:00:00+00:00,301.2199999999998,301.4499999999998,301.0299999999998,301.1099999999998,859
2026-08-12T19:15:00+00:00,301.1099999999998,301.5699999999998,300.9899999999998,301.5099999999998,949
2026-08-12T19:30:00+00:00,301.5099999999998,301.8599999999998,300.8499999999998,301.4399999999998,1455
2026-08-12T19:45:00+00:00,301.4399999999998,302.1299999999998,300.9999999999998,302.1099999999998,2767
2026-08-13T13:30:00+00:00,302.1099999999998,304.5499999999998,301.8599999999998,303.2299999999998,4981
2026-08-13T13:45:00+00:00,303.2299999999998,304.4699999999998,302.7499999999998,304.4099999999998,5121
2026-08-13T14:00:00+00:00,304.4099999999998,305.3199999999998,303.9899999999998,305.2999999999998,3653
2026-08-13T14:15:00+00:00,305.2999999999998,305.7799999999998,303.9699999999998,305.4799999999998,3944
2026-08-13T14:30:00+00:00,305.4799999999998,305.8599999999998,304.6699999999998,304.7899999999998,3872
2026-08-13T14:45:00+00:00,304.7899999999998,304.9899999999998,304.3599999999998,304.9499999999998,3596
2026-08-13T15:00:00+00:00,304.9499999999998,305.0499999999998,303.8999999999998,304.0699999999998,3419
2026-08-13T15:15:00+00:00,304.0699999999998,304.1999999999998,303.3799999999998,303.5499999999998,3477
2026-08-13T15:30:00+00:00,303.5499999999998,303.8299999999998,302.7999999999998,303.2899999999998,4211
2026-08-13T15:45:00+00:00,303.2899999999998,303.3799999999998,302.5999999999998,302.6399999999998,2806
2026-08-13T16:00:00+00:00,302.6399999999998,303.2499999999998,302.3999999999998,303.2199999999998,2492
2026-08-13T16:15:00+00:00,303.2199999999998,303.6999999999998,303.0399999999998,303.2899999999998,2288
2026-08-13T16:30:00+00:00,303.2899999999998,303.2899999999998,302.8599999999998,303.0799999999998,1888
2026-08-13T16:45:00+00:00,303.0799999999998,303.6099999999998,302.8599999999998,302.8599999999998,2144
2026-08-13T17:00:00+00:00,302.8599999999998,303.0299999999998,302.6799999999998,302.8699999999998,1612
2026-08-13T17:15:00+00:00,302.8699999999998,303.2299999999998,302.8099999999998,303.1899999999998,1309
2026-08-13T17:30:00+00:00,303.1899999999998,303.6599999999998,302.8899999999998,303.3199999999998,2217
2026-08-13T17:45:00+00:00,303.3199999999998,303.7499999999998,303.1999999999998,303.2199999999998,1730
2026-08-13T18:00:00+00:00,303.2199999999998,303.3399999999998,302.7699999999998,303.2099999999998,2135
2026-08-13T18:15:00+00:00,303.2099999999998,303.3599999999998,303.0399999999998,303.1499999999998,1098
2026-08-13T18:30:00+00:00,303.1499999999998,303.7999999999998,302.9699999999998,303.5799999999998,2331
2026-08-13T18:45:00+00:00,303.5799999999998,303.6899999999998,302.9999999999998,303.0099999999998,2155
2026-08-13T19:00:00+00:00,303.0099999999998,303.4699999999998,302.8799999999998,303.2999999999998,2218
2026-08-13T19:15:00+00:00,303.2999999999998,304.4699999999998,303.2999999999998,304.2299999999998,3170
2026-08-13T19:30:00+00:00,304.2299999999998,304.4999999999998,303.7499999999998,303.9499999999998,3384
2026-08-13T19:45:00+00:00,303.9499999999998,305.1999999999998,303.8499999999998,305.1299999999998,4514
2026-08-14T13:30:00+00:00,305.1299999999998,307.2999999999998,305.1299999999998,306.0399999999998,4084
2026-08-14T13:45:00+00:00,306.0399999999998,306.8299999999998,305.5099999999998,305.9299999999998,3611
2026-08-14T14:00:00+00:00,305.9299999999998,306.1599999999998,305.5099999999998,305.5499999999998,2549
2026-08-14T14:15:00+00:00,305.5499999999998,305.7499999999998,304.5999999999998,304.7999999999998,2849
2026-08-14T14:30:00+00:00,304.7999999999998,305.0199999999998,304.4799999999998,304.7599999999998,3396
2026-08-14T14:45:00+00:00,304.7599999999998,305.2399999999998,304.6499999999998,304.9899999999998,2320
2026-08-14T15:00:00+00:00,304.9899999999998,305.0999999999998,304.1499999999998,304.5399999999998,2537
2026-08-14T15:15:00+00:00,304.5399999999998,305.7999999999998,304.5299999999998,305.3299999999998,3025
2026-08-14T15:30:00+00:00,305.3299999999998,305.7699999999998,305.2099999999998,305.5699999999998,2733
2026-08-14T15:45:00+00:00,305.5699999999998,305.6799999999998,305.3499999999998,305.5199999999998,1446
2026-08-14T16:00:00+00:00,305.5199999999998,305.5599999999998,305.0099999999998,305.0999999999998,1912
2026-08-14T16:15:00+00:00,305.0999999999998,305.3199999999998,304.8099999999998,305.2699999999998,1221
2026-08-14T16:30:00+00:00,305.2699999999998,305.3599999999998,305.0099999999998,305.1499999999998,1238
2026-08-14T16:45:00+00:00,305.1499999999998,305.3499999999998,304.9199999999998,305.2499999999998,1105
2026-08-14T17:00:00+00:00,305.2499999999998,305.4099999999998,305.0799999999998,305.3299999999998,1053
2026-08-14T17:15:00+00:00,305.3299999999998,305.3799999999998,304.9099999999998,305.0099999999998,978
2026-08-14T17:30:00+00:00,305.0099999999998,305.3799999999998,304.8499999999998,305.2499999999998,1094
2026-08-14T17:45:00+00:00,305.2499999999998,305.9899999999998,305.2199999999998,305.8399999999998,1846
2026-08-14T18:00:00+00:00,305.8399999999998,306.0099999999998,305.3999999999998,305.9099999999998,1823
2026-08-14T18:15:00+00:00,305.9099999999998,306.0999999999998,305.7199999999998,305.7999999999998,1182
2026-08-14T18:30:00+00:00,305.7999999999998,306.0299999999998,305.4799999999998,305.5099999999998,1063
2026-08-14T18:45:00+00:00,305.5099999999998,305.7299999999998,305.3999999999998,305.4399999999998,1348
2026-08-14T19:00:00+00:00,305.4399999999998,305.5499999999998,305.0999999999998,305.2499999999998,1178
2026-08-14T19:15:00+00:00,305.2499999999998,305.8999999999998,305.2499999999998,305.7899999999998,1259
2026-08-14T19:30:00+00:00,305.7899999999998,305.8099999999998,305.3499999999998,305.4099999999998,1700
2026-08-14T19:45:00+00:00,305.4099999999998,305.8899999999998,305.3499999999998,305.8199999999998,2425
2026-08-17T13:30:00+00:00,305.85,307.48,303.89,304.95,6953
2026-08-17T13:45:00+00:00,304.95,306.2,304.95,305.23,5789
2026-08-17T14:00:00+00:00,305.23,305.42,304.48,304.78,3994
2026-08-17T14:15:00+00:00,304.78,304.99,304.33,304.37,3519
2026-08-17T14:30:00+00:00,304.37,304.69,304,304.45,3537
2026-08-17T14:45:00+00:00,304.45,304.59,303.52,303.99,3661
2026-08-17T15:00:00+00:00,303.99,304.64,303.68,304.51,3476
2026-08-17T15:15:00+00:00,304.51,304.8,304.28,304.36,2874
2026-08-17T15:30:00+00:00,304.36,304.46,303.18,303.2,3178
2026-08-17T15:45:00+00:00,303.2,303.39,302.93,303.05,2485
2026-08-17T16:00:00+00:00,303.05,303.44,302.93,303.42,2301
2026-08-17T16:15:00+00:00,303.42,303.68,303.24,303.44,2134
2026-08-17T16:30:00+00:00,303.44,303.91,303.42,303.63,2348
2026-08-17T16:45:00+00:00,303.63,303.71,302.8,302.89,2577
2026-08-17T17:00:00+00:00,302.89,303.82,302.89,303.74,2424
2026-08-17T17:15:00+00:00,303.74,304.32,303.66,304.28,2854
2026-08-17T17:30:00+00:00,304.28,304.54,303.96,304.39,2994
2026-08-17T17:45:00+00:00,304.39,304.52,304.03,304.18,2178
2026-08-17T18:00:00+00:00,304.18,304.55,303.83,304.41,2980
2026-08-17T18:15:00+00:00,304.41,304.82,304.41,304.55,2553
2026-08-17T18:30:00+00:00,304.55,305.41,304.51,305.4,2497
2026-08-17T18:45:00+00:00,305.4,305.86,305.26,305.52,2771
2026-08-17T19:00:00+00:00,305.52,305.83,305.45,305.69,2478
2026-08-17T19:15:00+00:00,305.69,306.04,305.48,306.02,2114
2026-08-17T19:30:00+00:00,306.02,306.19,305.4,305.48,3159
2026-08-17T19:45:00+00:00,305.48,305.66,304.89,305.59,3993
2026-08-18T13:30:00+00:00,305.59,307.66,305.59,306.85,6888
2026-08-18T13:45:00+00:00,306.85,307.21,305.6,307.1,5395
2026-08-18T14:00:00+00:00,307.1,309.98,307.02,309.79,5241
2026-08-18T14:15:00+00:00,309.79,310.13,308.68,309.52,4439
2026-08-18T14:30:00+00:00,309.52,311.36,309.43,310.65,4833
2026-08-18T14:45:00+00:00,310.65,311.09,310.06,310.22,4533
2026-08-18T15:00:00+00:00,310.22,311,309.78,310.33,4749
2026-08-18T15:15:00+00:00,310.33,310.8,309.93,310.31,3064
2026-08-18T15:30:00+00:00,310.31,310.38,309.58,309.7,3073
2026-08-18T15:45:00+00:00,309.7,309.9,309.2,309.38,2554
2026-08-18T16:00:00+00:00,309.38,310.34,308.89,310.12,2765
2026-08-18T16:15:00+00:00,310.12,310.52,309.81,310.49,2236
2026-08-18T16:30:00+00:00,310.49,310.61,310.14,310.33,1966
2026-08-18T16:45:00+00:00,310.33,310.65,310.05,310.64,1818
2026-08-18T17:00:00+00:00,310.64,310.81,310.38,310.44,1922
2026-08-18T17:15:00+00:00,310.44,310.65,310.14,310.27,1728
2026-08-18T17:30:00+00:00,310.27,310.31,309.73,309.93,1874
2026-08-18T17:45:00+00:00,309.93,310.15,309.87,309.94,1410
2026-08-18T18:00:00+00:00,309.94,310.46,309.63,310.32,2222
2026-08-18T18:15:00+00:00,310.32,310.52,310.14,310.5,1736
2026-08-18T18:30:00+00:00,310.5,311.09,310.19,310.89,2076
2026-08-18T18:45:00+00:00,310.89,311.13,310.19,310.19,2042
2026-08-18T19:00:00+00:00,310.19,310.3,309.53,309.56,2191
2026-08-18T19:15:00+00:00,309.56,309.85,309.21,309.52,2422
2026-08-18T19:30:00+00:00,309.52,310.4,309.45,310.29,2454
2026-08-18T19:45:00+00:00,310.29,310.94,309.63,310.08,4471
2026-08-19T13:30:00+00:00,310.08,312.26,309.35,311.49,6754
2026-08-19T13:45:00+00:00,311.49,316.25,311.49,316.25,7336
2026-08-19T14:00:00+00:00,316.25,317.38,315.88,316.97,6966
2026-08-19T14:15:00+00:00,316.97,317.67,315.22,315.85,6397
2026-08-19T14:30:00+00:00,315.85,316.9,315.59,315.73,5922
2026-08-19T14:45:00+00:00,315.73,318.19,315.72,317.69999999999976,4860.864710515951
2026-08-19T15:00:00+00:00,317.72,319.15,317.7,318.61,4743
2026-08-19T15:15:00+00:00,318.61,318.85,317.85,318.05,4071
2026-08-19T15:30:00+00:00,318.05,318.09,316.17,316.28,4279
2026-08-19T15:45:00+00:00,316.28,316.73,315.81,316.11,3459
2026-08-19T16:00:00+00:00,316.11,317.18,315.86,317.08,3405
2026-08-19T16:15:00+00:00,317.08,317.32,316.41,316.41,3039
2026-08-19T16:30:00+00:00,316.41,316.41,314.92,315.1,2861
2026-08-19T16:45:00+00:00,315.1,315.18,314.46,314.94,2909
2026-08-19T17:00:00+00:00,314.94,315.03,314.33,314.73,2936
2026-08-19T17:15:00+00:00,314.73,315.04,314.55,314.92,2912
2026-08-19T17:30:00+00:00,314.92,315.69,314.8,315.18,2933
2026-08-19T17:45:00+00:00,315.18,315.4,315.01,315.09,2432
2026-08-19T18:00:00+00:00,315.09,315.57,314.89,315.31,3209
2026-08-19T18:15:00+00:00,315.31,315.33,314.64,314.7,2763
2026-08-19T18:30:00+00:00,314.7,314.9,314.14,314.74,3082
2026-08-19T18:45:00+00:00,314.74,315.1,314.59,314.75,2274
2026-08-19T19:00:00+00:00,314.75,315.85,314.62,315.62,3026
2026-08-19T19:15:00+00:00,315.62,316.61,315.51,316.53,2613
2026-08-19T19:30:00+00:00,316.53,316.55,315.23,315.44,3808
2026-08-19T19:45:00+00:00,315.44,316.75,315.04,316.64,5157
2026-08-20T13:30:00+00:00,316.64,320.09,316.38,318.18,6163
2026-08-20T13:45:00+00:00,318.18,318.38,316.88,317.05,5873
2026-08-20T14:00:00+00:00,317.05,317.45,316.19,316.54,5056
2026-08-20T14:15:00+00:00,316.54,316.92,316.07,316.29,4345
2026-08-20T14:30:00+00:00,316.29,316.54,316.03,316.19,3498
2026-08-20T14:45:00+00:00,316.19,317.32,316.16,317.31,3734
2026-08-20T15:00:00+00:00,317.31,317.66,316.14,316.38,4242
2026-08-20T15:15:00+00:00,316.38,317.11,315.89,317.09,4005
2026-08-20T15:30:00+00:00,317.09,317.12,316.09,316.38,2925
2026-08-20T15:45:00+00:00,316.38,316.84,315.83,316.78,2685
2026-08-20T16:00:00+00:00,316.78,316.97,316.01,316.04,2554
2026-08-20T16:15:00+00:00,316.04,316.66,315.93,316.3,2191
2026-08-20T16:30:00+00:00,316.3,317.31,316.14,317.29,1900
2026-08-20T16:45:00+00:00,317.29,317.43,316.76,317.08,1843
2026-08-20T17:00:00+00:00,317.08,317.48,317,317.12,1922
2026-08-20T17:15:00+00:00,317.12,317.45,316.5,316.52,2392
2026-08-20T17:30:00+00:00,316.52,316.73,316.38,316.48,2058
2026-08-20T17:45:00+00:00,316.48,316.51,316.12,316.19,2289
2026-08-20T18:00:00+00:00,316.19,316.2,314.94,315.32,3117
2026-08-20T18:15:00+00:00,315.32,315.59,314.68,314.69,2488
2026-08-20T18:30:00+00:00,314.69,315.58,314.62,315.52,2242
2026-08-20T18:45:00+00:00,315.52,315.52,314.95,314.95,2205
2026-08-20T19:00:00+00:00,314.95,315.01,314.37,314.43,2346
2026-08-20T19:15:00+00:00,314.43,314.44,313.17,313.24,2756
2026-08-20T19:30:00+00:00,313.24,313.51,312.78,312.89,3103
2026-08-20T19:45:00+00:00,312.89,312.96,310.51,311.2,5657
2026-08-21T13:30:00+00:00,311.2,312.13,307.32,307.94,3991
2026-08-21T13:45:00+00:00,307.94,308.16,306.89,307.21,3476
2026-08-21T14:00:00+00:00,307.21,307.89,306.93,307.53,3056
2026-08-21T14:15:00+00:00,307.53,308.07,307.31,307.59,2763
2026-08-21T14:30:00+00:00,307.59,308.6,307.45,308.43,2542
2026-08-21T14:45:00+00:00,308.43,309.34,308.11,309.2599999999997,2421
2026-08-21T15:00:00+00:00,309.28,309.8,309.12,309.5,2385
2026-08-21T15:15:00+00:00,309.5,310.53,309.39,310.47,2208
2026-08-21T15:30:00+00:00,310.47,311.49,310.25,311.13,2209
2026-08-21T15:45:00+00:00,311.13,311.8,310.79,311.35,1937
2026-08-21T16:00:00+00:00,311.35,311.65,311,311,1678
2026-08-21T16:15:00+00:00,311,311.3,310.88,311.07,1698
2026-08-21T16:30:00+00:00,311.07,311.08,310.13,310.55,1532
2026-08-21T16:45:00+00:00,310.55,310.9,310.43,310.8,1183
2026-08-21T17:00:00+00:00,310.8,311.49,310.75,311.36,1288
2026-08-21T17:15:00+00:00,311.36,311.51,310.85,310.88,1672
2026-08-21T17:30:00+00:00,310.88,311.04,309.73,309.87,1545
2026-08-21T17:45:00+00:00,309.87,310,309.3,309.38,1351
2026-08-21T18:00:00+00:00,309.38,309.47,308.88,309.05,1438
2026-08-21T18:15:00+00:00,309.05,309.08,308.28,308.36,1399
2026-08-21T18:30:00+00:00,308.36,308.84,308.34,308.42,1187
2026-08-21T18:45:00+00:00,308.42,308.69,308.03,308.61,1222
2026-08-21T19:00:00+00:00,308.61,308.74,308.26,308.58,1163
2026-08-21T19:15:00+00:00,308.58,309.73,308.52,309.63,1692
2026-08-21T19:30:00+00:00,309.63,309.88,309.26,309.42,1838
2026-08-21T19:45:00+00:00,309.42,310.06,308.79,309.31,2329
2026-08-24T13:30:00+00:00,309.31,312.17,309.31,310.98,3189
2026-08-24T13:45:00+00:00,310.98,311.72,310.43,311.66,3195
2026-08-24T14:00:00+00:00,311.66,312.77,311.55,312.09,2619
2026-08-24T14:15:00+00:00,312.09,313.05,311.94,312.81,2340
2026-08-24T14:30:00+00:00,312.81,313.19,312.68,312.9,1863
2026-08-24T14:45:00+00:00,312.9,313.16,312.36,312.85,1707
2026-08-24T15:00:00+00:00,312.85,313.04,311.38,311.72,1825
2026-08-24T15:15:00+00:00,311.72,312.32,311.53,312.06,1702
2026-08-24T15:30:00+00:00,312.06,312.26,311.58,312.07,1526
2026-08-24T15:45:00+00:00,312.07,312.17,311.44,311.57,1311
2026-08-24T16:00:00+00:00,311.57,311.75,311.18,311.27,1327
2026-08-24T16:15:00+00:00,311.27,311.9,311.23,311.8,1193
2026-08-24T16:30:00+00:00,311.8,312.2,311.71,312.13,1074
2026-08-24T16:45:00+00:00,312.13,313.24,312.04,312.82,1461
2026-08-24T17:00:00+00:00,312.82,312.82,312.01,312.31,1544
2026-08-24T17:15:00+00:00,312.31,312.35,311.74,311.95,1484
2026-08-24T17:30:00+00:00,311.95,312.23,311.56,311.76,1171
2026-08-24T17:45:00+00:00,311.76,312.15,311.58,311.86,1147
2026-08-24T18:00:00+00:00,311.86,311.98,311.38,311.59,1309
2026-08-24T18:15:00+00:00,311.59,311.76,311.48,311.61,1070
2026-08-24T18:30:00+00:00,311.61,311.71,310.58,310.8,1164
2026-08-24T18:45:00+00:00,310.8,311.67,310.79,311.46,1171
2026-08-24T19:00:00+00:00,311.46,311.55,310.89,311.08,1122
2026-08-24T19:15:00+00:00,311.08,311.45,311.02,311.12,1104
2026-08-24T19:30:00+00:00,311.12,311.15,310.54,310.55,1420
2026-08-24T19:45:00+00:00,310.55,310.88,310.01,310.22,2616
2026-08-25T13:30:00+00:00,310.22,313.34,310.13,310.31,3848
2026-08-25T13:45:00+00:00,310.31,311.33,309.89,310.21,3864
2026-08-25T14:00:00+00:00,310.21,310.55,309.51,309.9,3354
2026-08-25T14:15:00+00:00,309.9,310.57,309.78,309.95,2586
2026-08-25T14:30:00+00:00,309.95,310.64,309.47,309.7,2954
2026-08-25T14:45:00+00:00,309.7,309.83,308.91,308.98,2453
2026-08-25T15:00:00+00:00,308.98,309.27,308.23,309.2,2459
2026-08-25T15:15:00+00:00,309.2,309.33,308.73,309.12,1674
2026-08-25T15:30:00+00:00,309.12,309.69,309.11,309.64,1678
2026-08-25T15:45:00+00:00,309.64,309.7,309.04,309.48,1538
2026-08-25T16:00:00+00:00,309.48,309.58,309.14,309.36,1390
2026-08-25T16:15:00+00:00,309.36,310.05,309.33,309.8,1167
2026-08-25T16:30:00+00:00,309.8,309.91,309.38,309.61,1114
2026-08-25T16:45:00+00:00,309.61,309.95,309.42,309.91,963
2026-08-25T17:00:00+00:00,309.91,309.91,309.45,309.69,1095
2026-08-25T17:15:00+00:00,309.69,309.88,309.46,309.5,957
2026-08-25T17:30:00+00:00,309.5,309.7,309.38,309.55,822
2026-08-25T17:45:00+00:00,309.55,309.67,309.19,309.34,976
2026-08-25T18:00:00+00:00,309.34,309.34,308.48,309.12,1464
2026-08-25T18:15:00+00:00,309.12,309.6,309.04,309.43,977
2026-08-25T18:30:00+00:00,309.43,309.48,308.91,309.06,1012
2026-08-25T18:45:00+00:00,309.06,309.18,308.28,308.43,1118
2026-08-25T19:00:00+00:00,308.43,308.66,308.08,308.56,1154
2026-08-25T19:15:00+00:00,308.56,309.23,308.54,308.82,1023
2026-08-25T19:30:00+00:00,308.82,308.93,308.48,308.79,1200
2026-08-25T19:45:00+00:00,308.79,310.18,308.68,309.8,2043
2026-08-26T13:30:00+00:00,309.8,311.51,308.68,311.29,2386
2026-08-26T13:45:00+00:00,311.29,312.55,310.9,312.32,2594
2026-08-26T14:00:00+00:00,312.32,313.27,311.52,312.7,2343
2026-08-26T14:15:00+00:00,312.7,313.13,311.66,311.66,2131
2026-08-26T14:30:00+00:00,311.66,312.42,311.51,312.37,1646
2026-08-26T14:45:00+00:00,312.37,312.73,311.9,312.68,1385
2026-08-26T15:00:00+00:00,312.68,313.3,312.33,312.92,1474
2026-08-26T15:15:00+00:00,312.92,313.06,312.38,312.38,1482
2026-08-26T15:30:00+00:00,312.38,313.36,312.06,313.3,1461
2026-08-26T15:45:00+00:00,313.3,313.48,312.68,312.77,1456
2026-08-26T16:00:00+00:00,312.77,313.75,312.21,313.3,1840
2026-08-26T16:15:00+00:00,313.3,313.48,313.02,313.16,1234
2026-08-26T16:30:00+00:00,313.16,313.34,312.38,312.6,1089
2026-08-26T16:45:00+00:00,312.6,313.06,312.5,312.9,1304
2026-08-26T17:00:00+00:00,312.9,312.96,312.38,312.46,1026
2026-08-26T17:15:00+00:00,312.46,313.14,312.46,312.98,1106
2026-08-26T17:30:00+00:00,312.98,313.13,312.51,312.67,932
2026-08-26T17:45:00+00:00,312.67,312.98,312.54,312.8,808
2026-08-26T18:00:00+00:00,312.8,313.03,312.68,312.68,753
2026-08-26T18:15:00+00:00,312.68,313.06,312.61,312.9,896
2026-08-26T18:30:00+00:00,312.9,313.57,312.8,313.56,903
2026-08-26T18:45:00+00:00,313.56,314.96,313.55,314.44,1692
2026-08-26T19:00:00+00:00,314.44,315.12,314.32,314.96,1414
2026-08-26T19:15:00+00:00,314.96,315.1,314.7,314.71,1223
2026-08-26T19:30:00+00:00,314.71,315.28,314.54,315.12,1522
2026-08-26T19:45:00+00:00,315.12,315.22,312.82,313.49,2576
2026-08-27T13:30:00+00:00,313.49,313.49,309.29,310.66,4572
2026-08-27T13:45:00+00:00,310.66,311.98,310.66,311.48,3697
2026-08-27T14:00:00+00:00,311.48,311.85,310.02,310.1,3391
2026-08-27T14:15:00+00:00,310.1,310.76,309.49,310.63,3284
2026-08-27T14:30:00+00:00,310.63,313.4,310.5,312.72,3672
2026-08-27T14:45:00+00:00,312.72,313.59,312.49,313.24,2886
2026-08-27T15:00:00+00:00,313.24,314.57,313.24,314.56,2805
2026-08-27T15:15:00+00:00,314.56,315.02,314.41,314.48,2620
2026-08-27T15:30:00+00:00,314.48,314.92,314.13,314.6,2486
2026-08-27T15:45:00+00:00,314.6,314.71,314.02,314.69,2114
2026-08-27T16:00:00+00:00,314.69,314.84,314.12,314.5,1755
2026-08-27T16:15:00+00:00,314.5,314.6,313.98,314.42,1745
2026-08-27T16:30:00+00:00,314.42,314.66,314.1,314.59,1506
2026-08-27T16:45:00+00:00,314.59,315.06,314.36,314.85,1696
2026-08-27T17:00:00+00:00,314.85,315.21,314.56,314.75,1465
2026-08-27T17:15:00+00:00,314.75,315.26,314.66,315.1,1533
2026-08-27T17:30:00+00:00,315.1,315.21,314.35,314.51,1569
2026-08-27T17:45:00+00:00,314.51,314.92,314.48,314.67,1572
2026-08-27T18:00:00+00:00,314.67,314.78,313.98,314.2,1860
2026-08-27T18:15:00+00:00,314.2,314.28,313.87,314.02,1701
2026-08-27T18:30:00+00:00,314.02,314.35,313.71,314.06,1474
2026-08-27T18:45:00+00:00,314.06,314.46,313.42,313.72,1615
2026-08-27T19:00:00+00:00,313.72,314.24,313.48,314.07,1712
2026-08-27T19:15:00+00:00,314.07,314.16,313.26,313.45,1573
2026-08-27T19:30:00+00:00,313.45,313.72,313.22,313.72,1531
2026-08-27T19:45:00+00:00,313.72,314.83,313.39,314.62,2952
2026-08-28T13:30:00+00:00,314.62,317.94,314.62,317.15,3111
2026-08-28T13:45:00+00:00,317.15,317.2,315.34,316.57,2595
2026-08-28T14:00:00+00:00,316.57,316.96,315.94,316.33,2577
2026-08-28T14:15:00+00:00,316.33,317.05,315.99,316.52,2115
2026-08-28T14:30:00+00:00,316.52,319.39,316.34,319.31,2368
2026-08-28T14:45:00+00:00,319.31,320.64,318.46,320.58,3126
2026-08-28T15:00:00+00:00,320.58,321.2,319.91,320.64,3063
2026-08-28T15:15:00+00:00,320.64,321.89,320.61,321.76,2504
2026-08-28T15:30:00+00:00,321.76,322.24,321.16,321.67,2628
2026-08-28T15:45:00+00:00,321.67,322.22,320.98,321.34,2729
2026-08-28T16:00:00+00:00,321.34,321.7,320.97,321.47,2497
2026-08-28T16:15:00+00:00,321.47,321.7,320.4,320.78,2533
2026-08-28T16:30:00+00:00,320.78,321.39,320.45,320.51,2187
2026-08-28T16:45:00+00:00,320.51,321.22,320.46,320.72,1889
2026-08-28T17:00:00+00:00,320.72,320.73,320.13,320.6,2028
2026-08-28T17:15:00+00:00,320.6,320.69,319.44,319.63,1772
2026-08-28T17:30:00+00:00,319.63,319.89,319.23,319.25,1677
2026-08-28T17:45:00+00:00,319.25,319.58,319.23,319.56,1372
2026-08-28T18:00:00+00:00,319.56,319.93,319.3,319.48,1633
2026-08-28T18:15:00+00:00,319.48,319.71,319.28,319.38,1463
2026-08-28T18:30:00+00:00,319.38,319.64,319.3,319.49,1452
2026-08-28T18:45:00+00:00,319.49,319.68,318.91,319.66,1900
2026-08-28T19:00:00+00:00,319.66,319.77,319.13,319.45,1808
2026-08-28T19:15:00+00:00,319.45,319.88,319.38,319.42,1824
2026-08-28T19:30:00+00:00,319.42,320.05,319.38,319.72,1954
2026-08-28T19:45:00+00:00,319.72,320.21,319.3,319.51,2953
2026-08-31T13:30:00+00:00,319.51,321.09,316.9,317.28,4728
2026-08-31T13:45:00+00:00,317.28,317.92,316.61,317.06,4320
2026-08-31T14:00:00+00:00,317.06,317.1,315.63,316.34,4043
2026-08-31T14:15:00+00:00,316.34,316.7,315.34,315.56,3327
2026-08-31T14:30:00+00:00,315.56,315.57,314.24,314.84,2826
2026-08-31T14:45:00+00:00,314.84,315.52,314.59,315.26,2654
2026-08-31T15:00:00+00:00,315.26,315.72,314.89,315.17,3204
2026-08-31T15:15:00+00:00,315.17,315.32,314.78,314.9,2484
2026-08-31T15:30:00+00:00,314.9,315.11,314.49,314.8,2477
2026-08-31T15:45:00+00:00,314.8,315.01,314.45,314.52,2158
2026-08-31T16:00:00+00:00,314.52,314.58,313.82,314.31,2499
2026-08-31T16:15:00+00:00,314.31,314.75,313.88,314.54,2308
2026-08-31T16:30:00+00:00,314.54,315.25,312.83,313.29,2908
2026-08-31T16:45:00+00:00,313.29,313.76,313.26,313.61,1805
2026-08-31T17:00:00+00:00,313.61,313.94,313.28,313.92,1549
2026-08-31T17:15:00+00:00,313.92,314.13,313.63,313.72,1687
2026-08-31T17:30:00+00:00,313.72,314.12,313.25,314.04,1627
2026-08-31T17:45:00+00:00,314.04,315.07,314.01,314.98,1550
2026-08-31T18:00:00+00:00,314.98,315.6,314.78,315.23,1736
2026-08-31T18:15:00+00:00,315.23,315.88,314.99,315.54,1440
2026-08-31T18:30:00+00:00,315.54,315.81,314.89,315.11,1802
2026-08-31T18:45:00+00:00,315.11,315.35,315.02,315.22,1478
2026-08-31T19:00:00+00:00,315.22,315.94,315.22,315.91,1520
2026-08-31T19:15:00+00:00,315.91,316.04,315.5,315.91,1624
2026-08-31T19:30:00+00:00,315.91,316.37,315.59,316.27,2014
2026-08-31T19:45:00+00:00,316.27,317.32,315.58,317,3779
2026-09-01T13:30:00+00:00,317,319.17,314.58,318.95,4516
2026-09-01T13:45:00+00:00,318.95,322.58,318.88,322.57,4751
2026-09-01T14:00:00+00:00,322.57,323.41,321.36,323.26,4743
2026-09-01T14:15:00+00:00,323.26,325.26,322.92,325.21,4352
2026-09-01T14:30:00+00:00,325.21,325.74,324.11,324.57,3743
2026-09-01T14:45:00+00:00,324.57,325.11,324.11,324.24,2864
2026-09-01T15:00:00+00:00,324.24,324.24,322.58,323.26,2972
2026-09-01T15:15:00+00:00,323.26,325.32,323.19,324.46,2847
2026-09-01T15:30:00+00:00,324.46,325.14,323.88,325.03,2162
2026-09-01T15:45:00+00:00,325.03,327.09,324.74,326.22,2978
2026-09-01T16:00:00+00:00,326.22,326.39,325.38,325.41,2386
2026-09-01T16:15:00+00:00,325.41,327.09,325.21,326.49,3093
2026-09-01T16:30:00+00:00,326.49,326.76,325.28,325.34,3145
2026-09-01T16:45:00+00:00,325.34,326.14,325.2,325.7,2204
2026-09-01T17:00:00+00:00,325.7,325.83,324.81,324.89,2115
2026-09-01T17:15:00+00:00,324.89,325.22,324.31,324.53,2056
2026-09-01T17:30:00+00:00,324.53,324.78,324.2,324.73,1806
2026-09-01T17:45:00+00:00,324.73,325.09,324.38,325.09,1680
2026-09-01T18:00:00+00:00,325.09,325.61,324.63,324.79,1983
2026-09-01T18:15:00+00:00,324.79,325.35,324.51,325.05,1972
2026-09-01T18:30:00+00:00,325.05,325.09,324.25,324.38,2018
2026-09-01T18:45:00+00:00,324.38,325.71,324.29,325.42,2586
2026-09-01T19:00:00+00:00,325.42,325.71,324.91,325.64,2403
2026-09-01T19:15:00+00:00,325.64,325.8,325.19,325.47,1890
2026-09-01T19:30:00+00:00,325.47,325.59,324.99,325.22,2385
2026-09-01T19:45:00+00:00,325.22,325.76,323.93,325.08,4239
2026-09-02T13:30:00+00:00,325.08,328.24,323.94,325.31,4873
2026-09-02T13:45:00+00:00,325.31,325.4,324.29,325,4492
2026-09-02T14:00:00+00:00,325,325.01,323.38,323.81,4530
2026-09-02T14:15:00+00:00,323.81,324.81,323.47,324.42,3944
2026-09-02T14:30:00+00:00,324.42,324.7,323.88,324.59,3548
2026-09-02T14:45:00+00:00,324.59,324.95,324,324.47,3154
2026-09-02T15:00:00+00:00,324.51,324.83,323.98,324.29,3431
2026-09-02T15:15:00+00:00,324.29,326.41,324.29,326.4,3074
2026-09-02T15:30:00+00:00,326.4,326.9,324.8,324.95,3832
2026-09-02T15:45:00+00:00,324.95,325.35,323.8,324.87,3252
2026-09-02T16:00:00+00:00,324.87,326.06,324.78,325.17,3324
2026-09-02T16:15:00+00:00,325.17,325.19,323.94,324.52,2587
2026-09-02T16:30:00+00:00,324.52,325.55,324.49,325.26,2881
2026-09-02T16:45:00+00:00,325.26,326.1,325.2,325.99,2783
2026-09-02T17:00:00+00:00,325.99,326.37,325.32,325.4,2646
2026-09-02T17:15:00+00:00,325.4,325.84,324.91,324.91,2153
2026-09-02T17:30:00+00:00,324.91,325.35,324.53,325.24,2234
2026-09-02T17:45:00+00:00,325.24,326.07,325.14,325.79,1918
2026-09-02T18:00:00+00:00,325.79,326.21,325.56,325.85,2122
2026-09-02T18:15:00+00:00,325.85,326.36,325.81,326.16,2522
2026-09-02T18:30:00+00:00,326.16,326.3,325.09,325.2,2202
2026-09-02T18:45:00+00:00,325.2,325.28,324.71,324.83,1945
2026-09-02T19:00:00+00:00,324.83,325.71,324.48,325.42,2169
2026-09-02T19:15:00+00:00,325.42,325.62,325.15,325.49,1902
2026-09-02T19:30:00+00:00,325.49,325.84,324.81,325.07,2496
2026-09-02T19:45:00+00:00,325.07,325.39,324.5,324.91,2962
2026-09-03T13:30:00+00:00,324.91,327.28,323.99,326.32,3202
2026-09-03T13:45:00+00:00,326.32,326.8,325.44,326.5,2694
2026-09-03T14:00:00+00:00,326.5,328,325.8,328,2367
2026-09-03T14:15:00+00:00,328,330.16,327.85,329.6,2913
2026-09-03T14:30:00+00:00,329.6,330.48,327.8,328.16,3187
2026-09-03T14:45:00+00:00,328.16,328.79,327.52,327.82,2562
2026-09-03T15:00:00+00:00,327.82,330.68,327.82,330.35,2499
2026-09-03T15:15:00+00:00,330.35,330.62,329.33,329.66,2451
2026-09-03T15:30:00+00:00,329.66,330.14,329.08,329.57,1904
2026-09-03T15:45:00+00:00,329.57,329.72,329.13,329.64,1299
2026-09-03T16:00:00+00:00,329.64,329.92,329.28,329.92,1557
2026-09-03T16:15:00+00:00,329.92,330.42,329.38,329.88,1460
2026-09-03T16:30:00+00:00,329.88,330.04,329.56,329.71,1290
2026-09-03T16:45:00+00:00,329.71,329.73,328.73,328.82,1300
2026-09-03T17:00:00+00:00,328.82,328.91,327.94,328,1185
2026-09-03T17:15:00+00:00,328,328.18,327.32,327.58,1394
2026-09-03T17:30:00+00:00,327.58,327.89,326.58,326.73,1657
2026-09-03T17:45:00+00:00,326.73,327.16,326.55,326.73,1326
2026-09-03T18:00:00+00:00,326.73,327.34,326.72,327.13,1491
2026-09-03T18:15:00+00:00,327.13,327.44,326.78,327,1190
2026-09-03T18:30:00+00:00,327,327.15,326.74,326.74,1041
2026-09-03T18:45:00+00:00,326.74,327.13,326.39,327.06,1213
2026-09-03T19:00:00+00:00,327.06,327.5,326.9,327.21,1070
2026-09-03T19:15:00+00:00,327.21,327.7,327.13,327.63,1135
2026-09-03T19:30:00+00:00,327.63,327.74,327.28,327.66,1315
2026-09-03T19:45:00+00:00,327.66,328.64,327.6,328.16,2968
2026-09-04T13:30:00+00:00,328.16,328.65,324.14,324.67,4003
2026-09-04T13:45:00+00:00,324.67,324.7,322.94,323.49,3817
2026-09-04T14:00:00+00:00,323.49,323.51,321.11,321.11,3508
2026-09-04T14:15:00+00:00,321.11,321.74,320.32,320.54,3614
2026-09-04T14:30:00+00:00,320.54,321.02,319.76,319.89,3115
2026-09-04T14:45:00+00:00,319.89,320.11,318.18,318.25,3126
2026-09-04T15:00:00+00:00,318.25,319.29,317.74,319.14,3197
2026-09-04T15:15:00+00:00,319.14,319.38,318.43,319.36,2610
2026-09-04T15:30:00+00:00,319.36,320.46,318.99,320.19,2529
2026-09-04T15:45:00+00:00,320.19,321.14,320.01,320.84,2272
2026-09-04T16:00:00+00:00,320.84,321.13,320.49,320.89,2093
2026-09-04T16:15:00+00:00,320.89,321.21,320.29,320.31,1924
2026-09-04T16:30:00+00:00,320.31,321.01,320.28,320.72,1853
2026-09-04T16:45:00+00:00,320.72,321.1,320.63,320.89,1435
2026-09-04T17:00:00+00:00,320.89,321.47,320.79,321.04,1640
2026-09-04T17:15:00+00:00,321.04,321.77,321.03,321.53,1628
2026-09-04T17:30:00+00:00,321.53,321.53,320.59,320.85,1617
2026-09-04T17:45:00+00:00,320.85,321.31,320.76,320.91,1495
2026-09-04T18:00:00+00:00,320.91,321.2,320.8,321.15,1414
2026-09-04T18:15:00+00:00,321.15,321.19,320.73,320.75,1320
2026-09-04T18:30:00+00:00,320.75,321.25,320.73,321.25,1292
2026-09-04T18:45:00+00:00,321.25,321.7,321.16,321.53,1456
2026-09-04T19:00:00+00:00,321.53,321.96,321.22,321.87,1473
2026-09-04T19:15:00+00:00,321.87,321.89,321.51,321.65,1384
2026-09-04T19:30:00+00:00,321.65,321.67,320.51,320.55,1606
2026-09-04T19:45:00+00:00,320.55,320.66,319.57,319.81,3080
2026-09-08T13:30:00+00:00,319.81,320.3,315.58,317.26,2962
2026-09-08T13:45:00+00:00,317.26,317.47,315.82,316.71,2608
2026-09-08T14:00:00+00:00,316.71,317.13,315.6,315.73,2549
2026-09-08T14:15:00+00:00,315.73,315.85,315.16,315.57,2130
2026-09-08T14:30:00+00:00,315.57,316.12,315.14,315.94,2007
2026-09-08T14:45:00+00:00,315.94,316.24,315.48,315.83,1823
2026-09-08T15:00:00+00:00,315.83,316.4,315.58,316.09,1866
2026-09-08T15:15:00+00:00,316.09,316.59,315.63,316.12,1913
2026-09-08T15:30:00+00:00,316.12,316.64,315.89,316.3,1759
2026-09-08T15:45:00+00:00,316.3,316.41,315.88,315.94,1528
2026-09-08T16:00:00+00:00,315.94,316.1,315.43,315.46,1272
2026-09-08T16:15:00+00:00,315.46,315.98,315.34,315.95,1345
2026-09-08T16:30:00+00:00,315.95,316.04,315.76,315.98,1131
2026-09-08T16:45:00+00:00,315.98,316.07,315.63,315.81,1148
2026-09-08T17:00:00+00:00,315.81,316.42,315.78,316.05,1064
2026-09-08T17:15:00+00:00,316.05,316.12,315.63,316.12,748
2026-09-08T17:30:00+00:00,316.12,316.17,315.91,316.09,1119
2026-09-08T17:45:00+00:00,316.09,316.19,315.83,315.89,954
2026-09-08T18:00:00+00:00,315.89,316.39,315.83,316.17,921
2026-09-08T18:15:00+00:00,316.17,316.62,315.8,316.29,1153
2026-09-08T18:30:00+00:00,316.29,316.37,315.26,315.33,1170
2026-09-08T18:45:00+00:00,315.33,315.85,314.77,315.38,1764
2026-09-08T19:00:00+00:00,315.38,316.37,315.23,315.93,1235
2026-09-08T19:15:00+00:00,315.93,315.97,315.4,315.64,1155
2026-09-08T19:30:00+00:00,315.64,316.22,315.38,316.02,1247
2026-09-08T19:45:00+00:00,316.02,316.5,315.57,316.18,3008
